year,semi-year,code, NI , Dep , gain_on_disposition , loss_of_disposition , gain_on_appreciation , loss_of_appreciation , FFO , dividend ,dps
2011,2,140890,630798649,688755522,,,,,1319554171,1279000000,132
2012,1,140890,881246303,688755522,,,,,1570001825,1529000000,157
2012,2,140890,620039259,688755522,,,,,1308794781,1268000000,131
2013,1,140890,879757773,688755522,,,,,1568513295,1528000000,158
2013,2,140890,955560173,688755522,,,,,1644315695,1599000000,165
2014,1,140890,910448488,688755522,,,,,1599204010,1558000000,161
2014,2,140890,967847758,688755522,,,,,1656603280,1656000000,171
2015,1,140890,918669441,688755522,,,,,1607424963,1027000000,106
2015,2,140890,329455400,688755522,,,,,1018210922,329000000,34
2016,1,140890,-533851594,688755522,,,,,154903928,0,0
2016,2,140890,-126609801,688755522,,,,,562145721,0,0
2017,1,140890,104084697,688755522,,,,,792840219,0,0
2017,2,140890,253523619,688755522,,,,,942279141,0,0
2018,1,140890,-177185894,688755522,,,,,511569628,0,0
2018,2,140890,226352080,688755522,,,,,915107602,0,0
2019,2,338100,-1671751947,,,,,,-1671751947,0,0
2020,1,338100,2499803195,,,,125645539,,2374157656,2370000000,127
2020,2,338100,2731823824,,,,513520564,,2218303260,2221000000,119
2021,1,338100,2006501716,,,,88154684,416078616,2334425648,2333000000,125
2021,2,338100,3874286268,,,,1569675494,,2304610774,2295000000,123
2022,1,338100,2318916515,,,,269954430,10926930,2059889015,2052000000,110
2022,2,338100,7352917541,,,,5201135587,,2151781954,2146000000,115
2023,1,338100,2527719241,,,,190147145,81529828,2419101924,2444000000,131
2023,2,338100,12780163155,,2710791204,,9462059116,,607312835,7464000000,400
2024,1,338100,3387602245,,,,1458378337,,1929223908,2612000000,140
2024,2,338100,7050298232,,,,2273988283,5570430049,10346739998,9666000000,518
2025,1,338100,10765984216,,26260751,,8914852764,,1824870701,2351000000,126
2022,1,357430,812788175,544916873,,,,,1357705048,1814000000,61
2022,2,357430,683704995,630346865,,,,,1314051860,2963000000,111
2023,1,357430,-5544449504,657720738,,,,,-4886728766,4053000000,152
2023,2,357430,-11001031390,632482495,,,,,-10368548895,4067000000,153
2024,1,357430,1474073916,658880833,,,,,2132954749,2305000000,86
2024,2,357430,12218111178,690072572,,,,,12908183750,1173000000,44
2025,1,357430,654243679,237484969,,,,,891728648,1861000000,61
2021,1,377190,-2285455117,3072925000,,,,,787469883,903000000,107
2021,2,377190,2498514116,3535905000,,,,,6034419116,5261000000,81
2022,1,377190,3348268691,3835664000,,,,,7183932691,9783000000,151
2022,2,377190,1508936676,4344742000,,,,,5853678676,9660000000,150
2023,1,377190,7538286589,4617592000,,,,,12155878589,9660000000,150
2023,2,377190,3138984861,4624560000,,,,,7763544861,9080000000,141
2024,1,377190,3456470990,4625784000,,,,,8082254990,8887000000,138
2024,2,377190,2814924624,4627886000,,,,,7442810624,8952000000,139
2025,1,377190,4067206754,4756698000,,,,,8823904754,11138000000,126
2023,1,432320,-8692097864,8625600000,,,,,-66497864,16733000000,165
2023,2,432320,-55387974229,7645308000,,,,39629351000,-8113315229,19066000000,188
2024,1,432320,51055242103,7374468000,,,39718013000,,18711697103,19066000000,188
2024,2,432320,-31791469834,7955351000,,,,44142628000,20306509166,19066000000,188
2025,1,432320,18964573555,7646938717,,,,,26611512272,18254000000,180
2025,1,395400,62715014464,12157334000,0,1342113000,34050187000,17606000,42181880464,38530000000,136
2024,2,395400,-227105056,23981134000,0,11640673000,,,35394701944,36008000000,132
2024,1,395400,8902883348,23659016000,0,0,,,32561899348,35658000000,132
2023,2,395400,17542958867,17154962000,0,23115811000,,,57813731867,42468000000,182
2023,1,395400,7151316908,9366808000,0,0,,,16518124908,25946000000,132
2022,2,395400,10996471286,8722417000,0,0,,,19718888286,25946000000,132
2022,1,395400,17935714081,4153340000,0,0,,,22089054081,22032000000,141
2021,2,395400,15052398236,4068818000,0,0,,,19121216236,19121000000,123
2025,1,330590,16546765792,19645368000,0,0,,,36192133792,33809000000,117
2024,2,330590,10613567528,19597700000,0,0,,,30211267528,32365000000,112
2024,1,330590,5841464604,19226790000,0,0,,,25068254604,25026000000,103
2023,2,330590,3177878339,20056320000,0,0,,,23234198339,23234000000,95
2023,1,330590,5865520288,20662515000,0,0,,,26528035288,26528000000,109
2022,2,330590,14114824803,20662515000,0,0,,,34777339803,34777000000,143
2022,1,330590,19028588290,20662515000,0,0,,,39691103290,39691000000,163
2021,2,330590,18405981757,20402327000,0,0,,,38808308757,38808000000,159
2021,1,330590,16978460612,16978754000,0,0,,,33957214612,33957000000,139
2020,2,330590,15613436889,12224577000,0,0,,,27838013889,27838000000,161
2020,1,330590,15547730007,12229863000,0,0,,,27777593007,27778000000,161
2019,2,330590,10581368427,6006502000,0,0,,,16587870427,16588000000,96
2019,1,330590,2924697614,589191585.1,0,0,,,3513889199,3514095745,21
2025,1,404990,-3670178085,5343821162,0,0,,,1673643077,7313000000,130
2024,2,404990,10271178851,4319999790,0,0,,,14591178641,7274000000,130
2024,1,404990,-1117791230,4320000000,0,0,,,3202208770,6603000000,118
2023,2,404990,5313300888,4248532000,0,0,,,9561832888,7833000000,140
2023,1,404990,4503444459,4109904000,0,0,,,8613348459,8393000000,150
2022,2,404990,5439414713,4323033000,0,0,,,9762447713,8953000000,160
2022,1,404990,3321786667,4405441000,0,0,,,7727227667,8729000000,156
2021,2,404990,1653483263,3625769000,0,0,,,5279252263,4980000000,89
2021,1,404990,-347931693,3497519000,0,0,,,3149587307,3477000000,120
2025,1,357120,12267643841,4125835000,739033000,169119000,,,15823564841,15891000000,163
2024,2,357120,23754780543,4118356000,0,508841000,,,28381977543,24217000000,249
2024,1,357120,11889851488,3990113000,0,602409000,,,16482373488,14873000000,168
2023,2,357120,10740823332,4118205000,0,1038392000,,,15897420332,14859000000,168
2023,1,357120,13700708129,4034536000,5229608000,0,,0,12505636129,17735000000,200
2022,2,357120,11548987502,4016847000,2293181000,0,,937602000,14210255502,15566000000,175
2022,1,357120,12958406101,2725724000,3337236000,56588000,,,12403482101,15684000000,177
2021,2,357120,20249161358,1949040000,17974954000,0,,1272523000,5495770358,22198000000,319
2021,1,357120,9288380162,2317700000,0,0,,,11606080162,11606000000,166
2020,2,357120,3671374900,1030521697,0,0,,,4701896597,4702126050,67.1512605
2025,1,365550,9778739593,16173718000,0,0,,,25952457593,29193000000,137
2024,2,365550,3600540919,15791392000,0,0,,,19391932919,29193000000,137
2024,1,365550,22534060750,15595427000,0,0,,,38129487750,29193000000,137
2023,2,365550,11852472755,14838283000,0,0,,,26690755755,29193000000,137
2023,1,365550,28013768456,13823988000,0,0,,,41837756456,28767000000,135
2022,2,365550,12762281756,13767305000,0,0,,,26529586756,28980000000,136
2022,1,365550,30175271482,13066668000,0,0,,,43241939482,28554000000,134
2021,2,365550,9485403543,7682730000,0,0,,,17168133543,19197000000,134
2021,1,365550,5409251855,5906579000,0,0,,,11315830855,19264000000,134
2020,2,365550,-1369070381,0,0,0,,,-1369070381,0,0
2020,1,365550,-125133733,0,0,0,,,-125133733,0,0
2025,1,350520,3472731645,0,0,0,3933304000,0,-460572355,5530000000,150
2024,2,350520,9285179114,0,0,0,5943410000,0,3341769114,5530000000,150
2024,1,350520,33710015120,0,0,0,35923092000,0,-2213076880,4254000000,150
2023,2,350520,7630769905,0,0,0,6921064000,0,709705905,3772000000,133
2023,1,350520,7817972365,0,0,0,3982507000,0,3835465365,3772000000,133
2022,2,350520,62734177923,0,0,0,61304706000,0,1429471923,3772000000,133
2022,1,350520,24201936372,0,0,0,22911498000,0,1290438372,2740000000,133
2021,2,350520,8103280124,0,0,0,6530000000,0,1573280124,2719000000,132
2021,1,350520,2567022713,0,0,0,650000000,0,1917022713,2678000000,130
2020,2,350520,7297243827,0,0,0,5950000000,0,1347243827,2678000000,130
2020,1,350520,-29277097,0,0,0,0,0,-29277097,0,0
2025,1,334890,-2064498917,0,0,0,1942516000,11024222000,7017207083,8891000000,173
2024,2,334890,-2312328925,0,0,1790067000,2745452000,4419665000,1151951075,31480000000,612
2024,1,334890,29482591484,0,0,0,32510422000,6165234000,3137403484,10839000000,211
2023,2,334890,34239363620,0,0,0,39032735000,12113652000,7320280620,10339000000,201
2023,1,334890,31673918022,0,0,0,34071853000,9783788000,7385853022,7823000000,213
2022,2,334890,45007641766,0,0,0,41912838000,0,3094803766,5585000000,152
2022,1,334890,4971321940,0,0,0,3083751000,614676000,2502246940,4693000000,152
2021,2,334890,22252694832,0,0,0,19499832000,0,2752862832,3648000000,152
2021,1,334890,2744775190,0,0,0,0,901072000,3645847190,3624000000,151
2020,2,334890,22360696295,0,0,0,21487809574,0,872886721.6,872944262.3,36.19672131
2020,1,334890,14705529735,0,0,0,0,0,14705529735,575185367.3,27.19216758
2019,2,334890,2839663.481,0,0,0,0,0,2839663.481,3407407.407,10.22222222
2025,1,357250,1738185146,1685565000,0,0,,,3423750146,3424000000,137
2024,2,357250,1534555756,1694825000,0,0,,,3229380756,3299000000,132
2024,1,357250,1833329662,1694827000,0,0,,,3528156662,3799000000,152
2023,2,357250,5581111973,1694826000,0,0,,,7275937973,2733000000,136
2023,1,357250,1422403966,1685565000,0,0,,,3107968966,3095000000,154
2022,2,357250,633285547,1694826000,0,0,,,2328111547,2713000000,135
2022,1,357250,1318817047,1685565000,0,0,,,3004382047,3015000000,150
2021,2,357250,583611374,1694825000,0,0,,,2278436374,2432000000,121
2021,1,357250,1188458437,1685565000,0,0,,,2874023437,3075000000,153
2020,2,357250,-399691865,1203087879,0,0,,,803396013.8,1367602817,68.04507042
2023,2,481850,-16239609727,0,0,0,,,-16239609727,201000000,0
2024,1,481850,-13032813036,0,0,0,,,-13032813036,,0
2024,2,481850,-10797131008,0,0,0,,,-10797131008,5478000000,126
2025,1,481850,-4797457820,0,0,0,,,-4797457820,5522000000,127
2022,1,396690,-9016712476,3997626000,0,0,,,-5019086476,2116000000,72.8459
2022,2,396690,2025035024,3004619000,0,0,,,5029654024,4308000000,148
2023,1,396690,7621711500,3049928000,0,0,,,10671639500,4478000000,154
2023,2,396690,2459646411,3036143000,0,0,,,5495789411,4359000000,150
2024,1,396690,-1297195149,3064105000,0,0,,,1766909851,4755000000,120
2024,2,396690,-793221925,3161014000,0,0,,,2367792075,5245000000,132
2025,1,396690,1313515109,3298349000,0,0,,,4611864109,5618000000,142
2020,1,348950,-107947465,0,0,0,,,-107947465,0,0
2020,2,348950,15149976623,11706128000,0,0,,,26856104623,25337000000,153
2021,1,348950,18084166924,11579388000,0,0,,,29663554924,31464000000,190
2021,2,348950,17011995319,11638889000,0,0,,,28650884319,31464000000,190
2022,1,348950,13218402553,11581882000,0,0,,,24800284553,31464000000,190
2022,2,348950,17624948230,11758750000,0,0,,,29383698230,37501000000,190
2023,1,348950,26728872485,12036949000,0,0,,,38765821485,37501000000,190
2023,2,348950,23205162441,12250919000,0,0,,,35456081441,38488000000,195
2024,1,348950,24232916587,12548035000,0,0,,,36780951587,38488000000,195
2024,2,348950,20664851580,12813723304,0,0,,,33478574884,38488000000,195
2025,1,348950,30735019561,0,0,0,85270640000,,-54535620439,22698000000,115
2021,2,400760,1507866029,2667585000,0,0,,,4175451029,4492000000,106
2022,1,400760,3489896271,2678592000,0,0,,,6168488271,6499000000,154
2022,2,400760,3854948486,3444062000,0,0,,,7299010486,6836000000,162
2023,1,400760,531620247,3595931000,0,0,,,4127551247,5824000000,138
2023,2,400760,1981830106,3207690000,0,0,,,5189520106,6330000000,150
2024,1,400760,4039520387,3161456000,0,0,,,7200976387,5908000000,140
2024,2,400760,-1053814925,3200680000,0,0,,,2146865075,8754000000,200
2025,1,400760,-731827959,3364259000,0,0,,,2632431041,7441000000,170
2025,1,0030R0,-976838894,812167000,,,,,-164671894,2914000000,98
2025,1,448730,6058245811,2663180000,,,,,8721425811,12861000000,142
2024,2,448730,1258639747,2153727000,,,,,3412366747,11044000000,131
2024,1,448730,2711520324,2085043000,,,,,4796563324,11068000000,143
2023,2,448730,1597243844,2118003000,0,0,,,3715246844,10760000000,139
2023,1,448730,-576510181,1413148741,,,,,836638560,4517000000,58
2025,1,293940,9784917968,7358198000,,,,,17143115968,22567000000,173
2024,2,293940,3115415132,6572613000,,,,,9688028132,17070000000,175
2024,1,293940,7767742820,6169328000,,,,,13937070820,58212000000,642
2023,2,293940,6900041199,6360644000,,,,,13260685199,18039000000,186
2023,1,293940,8571385794,6567607000,,,,,15138992794,15672000000,190
2022,2,293940,4291483730,6547768000,,,,,10839251730,16049000000,195
2022,1,293940,4810675706,6370565000,,,,,11181240706,11712000000,192
2021,2,293940,1712400473,5608031000,,,,,7320431473,10918000000,177
2021,1,293940,5808946292,5314358000,,,,,11123304292,10226000000,164
2020,2,293940,2691556650,3902637000,,,,,6594193650,9654000000,153
2020,1,293940,5722267683,3170973000,,,,,8893240683,8797000000,150
2019,2,293940,3017252127,3115400000,,,,,6132652127,8324000000,140
2019,1,293940,5074884870,3101844000,,,,,8176728870,8169000000,137
2018,2,293940,-4741510360,1533481727,,,,,-3208028633,3757090909,74
2025,1,088260,6558625488,3066013812,,,,,9624639300,11022000000,174
2024,2,088260,5028748467,3066013812,,,,,8094762279,11155000000,176
2024,1,088260,8159021119,4300949124,,,,,12459970243,11813000000,186
2023,2,088260,9908135053,4300949124,,,,,14209084177,12925000000,204
2023,1,088260,8602272649,4287067000,,,,,12889339649,12673000000,200
2022,2,088260,9325677643,4279851000,,,,,13605528643,12342000000,195
2022,1,088260,9084546320,4279852000,,,,,13364398320,13337000000,210
2021,2,088260,8983988275,4279850000,,,,,13263838275,12979000000,204
2021,1,088260,7221500600,4279851000,,,,,11501351600,1137000000,179
2020,2,088260,6814080938,4275395000,,,,,11089475938,11085000000,175
2020,1,088260,6772559011,4274505000,,,,,11047064011,11085000000,175
2019,2,088260,6616279228,4274505000,,,,,10890784228,11085000000,175
2019,1,088260,6478378456,4274505000,,,,,10752883456,11085000000,175
2018,2,088260,5065502394,3659710000,,,,,8725212394,11085000000,175
2018,1,088260,4402740732,3044312000,,,,,7447052732,7447000000,118
2017,2,088260,3663608699,3044262000,,,,,6707870699,6708000000,141
