code,,날짜, div_total ,div_per_stock,div_yield
088260,이리츠코크렙,2017-12-31," 6,708,000,000 ",141,
088260,이리츠코크렙,2018-06-30," 7,447,052,064 ",118,0.24
088260,이리츠코크렙,2018-12-31," 11,084,778,250 ",175,0.35
088260,이리츠코크렙,2019-06-30," 11,084,778,250 ",175,0.35
088260,이리츠코크렙,2019-12-31," 11,084,778,250 ",175,0.35
088260,이리츠코크렙,2020-06-30," 11,084,778,250 ",175,0.35
088260,이리츠코크렙,2020-12-31," 11,084,778,250 ",175,0.35
088260,이리츠코크렙,2021-06-30," 11,369,693,150 ",179,0.36
088260,이리츠코크렙,2021-12-31," 12,978,792,455 ",204,0.41
088260,이리츠코크렙,2022-06-30," 13,337,052,094 ",210,0.42
088260,이리츠코크렙,2022-12-31," 12,342,146,884 ",195,0.39
088260,이리츠코크렙,2023-06-30," 12,673,340,474 ",200,0.4
088260,이리츠코크렙,2023-12-31," 12,925,337,432 ",204,0.41
088260,이리츠코크렙,2024-06-30," 11,813,468,411 ",186,0.37
088260,이리츠코크렙,2024-12-31," 11,155,226,661 ",176,0.35
088260,이리츠코크렙,2025-06-30," 11,021,995,299 ",174,0.35
293940,신한알파리츠,2018-09-30," 4,420,310,268 ",116,0.12
293940,신한알파리츠,2019-03-31," 6,525,326,851 ",137,0.14
293940,신한알파리츠,2019-09-30," 6,668,217,220 ",140,0.14
293940,신한알파리츠,2020-03-31," 7,114,518,450 ",150,0.15
293940,신한알파리츠,2020-09-30," 8,006,508,819 ",153,0.15
293940,신한알파리츠,2021-03-31," 8,582,140,172 ",164,0.16
293940,신한알파리츠,2021-09-30," 9,262,431,771 ",177,0.18
293940,신한알파리츠,2022-03-31," 10,068,223,360 ",192,0.19
293940,신한알파리츠,2022-09-30," 14,396,873,985 ",195,0.2
293940,신한알파리츠,2023-03-31," 14,027,723,370 ",190,0.19
293940,신한알파리츠,2023-09-30," 16,386,622,878 ",186,0.19
293940,신한알파리츠,2024-03-31," 15,966,453,061 ",642,0.64
293940,신한알파리츠,2024-09-30," 15,417,521,525 ",175,0.18
293940,신한알파리츠,2025-03-31," 22,566,641,279 ",173,0.17
330590,롯데리츠,2019-12-31," 16,587,870,199 ",96,0.19
330590,롯데리츠,2020-06-30," 27,777,592,575 ",161,0.32
330590,롯데리츠,2020-12-31," 27,838,013,415 ",161,0.32
330590,롯데리츠,2021-06-30," 33,957,214,408 ",139,0.28
330590,롯데리츠,2021-12-31," 38,808,309,090 ",159,0.32
330590,롯데리츠,2022-06-30," 39,691,102,858 ",163,0.33
330590,롯데리츠,2022-12-31," 34,777,339,371 ",143,0.29
330590,롯데리츠,2023-06-30," 26,528,034,856 ",109,0.22
330590,롯데리츠,2023-12-31," 23,234,198,171 ",95,0.19
330590,롯데리츠,2024-06-30," 25,025,795,052 ",103,0.21
330590,롯데리츠,2024-12-31," 32,364,515,008 ",112,0.22
330590,롯데리츠,2025-09-30," 33,809,359,428 ",117,0.23
334890,이지스밸류플러스리츠,2020-08-31," 1,446,904,620 ",60,0.06
334890,이지스밸류플러스리츠,2021-02-28," 3,624,000,000 ",151,0.15
334890,이지스밸류플러스리츠,2021-08-31," 3,648,000,000 ",152,0.15
334890,이지스밸류플러스리츠,2022-02-28," 4,692,673,504 ",152,0.15
334890,이지스밸류플러스리츠,2022-08-31," 5,585,290,920 ",152,0.15
334890,이지스밸류플러스리츠,2023-02-28," 7,823,260,984 ",213,0.21
334890,이지스밸류플러스리츠,2023-08-31," 10,338,586,154 ",201,0.2
334890,이지스밸류플러스리츠,2024-02-29," 10,839,413,902 ",211,0.21
334890,이지스밸류플러스리츠,2024-08-31," 11,364,503,036 ",612,0.61
334890,이지스밸류플러스리츠,2025-02-28," 11,915,028,841 ",173,0.17
334890,이지스밸류플러스리츠,2025-08-31," 11,935,885,304 ",172,0.17
338100,NH프라임리츠,2020-05-31," 2,369,820,000 ",127,0.25
338100,NH프라임리츠,2020-11-30," 2,220,540,000 ",119,0.24
338100,NH프라임리츠,2021-05-31," 2,332,500,000 ",125,0.25
338100,NH프라임리츠,2021-11-30," 2,295,180,000 ",123,0.25
338100,NH프라임리츠,2022-05-31," 2,052,600,000 ",110,0.22
338100,NH프라임리츠,2022-11-30," 2,145,900,000 ",115,
338100,NH프라임리츠,2023-05-31," 2,444,460,000 ",131,0.26
338100,NH프라임리츠,2023-11-30," 2,419,101,924 ",400,0.8
338100,NH프라임리츠,2024-05-31," 2,612,400,000 ",140,0.28
338100,NH프라임리츠,2024-11-30," 3,290,751,908 ",518,1.04
338100,NH프라임리츠,2025-05-31," 2,351,160,000 ",126,0.25
348950,제이알글로벌리츠,2020-12-31," 25,336,800,000 ",153,0.15
348950,제이알글로벌리츠,2021-06-30," 31,464,000,000 ",190,0.19
348950,제이알글로벌리츠,2021-12-31," 31,464,000,000 ",190,0.19
348950,제이알글로벌리츠,2022-06-30," 31,464,000,000 ",190,0.19
348950,제이알글로벌리츠,2022-12-31," 37,501,440,000 ",190,0.19
348950,제이알글로벌리츠,2023-06-30," 37,501,440,000 ",190,0.19
348950,제이알글로벌리츠,2023-12-31," 38,488,320,000 ",195,0.2
348950,제이알글로벌리츠,2024-06-30," 38,488,320,000 ",195,0.2
348950,제이알글로벌리츠,2024-12-31," 38,488,320,000 ",195,0.2
348950,제이알글로벌리츠,2025-06-30," 22,698,240,000 ",115,0.12
350520,이지스레지던스리츠,2020-12-31," 2,678,000,000 ",130,0.13
350520,이지스레지던스리츠,2021-06-30," 2,678,000,000 ",130,0.13
350520,이지스레지던스리츠,2021-12-31," 2,719,200,000 ",132,0.13
350520,이지스레지던스리츠,2022-06-30," 2,739,800,000 ",133,0.13
350520,이지스레지던스리츠,2022-12-31," 3,771,696,061 ",133,0.13
350520,이지스레지던스리츠,2023-06-30," 3,771,696,061 ",133,0.13
350520,이지스레지던스리츠,2023-12-31," 3,771,696,061 ",133,0.13
350520,이지스레지던스리츠,2024-06-30," 4,253,792,550 ",150,0.15
350520,이지스레지던스리츠,2024-12-31," 5,529,930,300 ",150,0.15
350520,이지스레지던스리츠,2025-06-30," 5,529,930,300 ",150,0.15
357120,코람코라이프인프라리츠,2020-11-30," 9,172,553,132 ",131,0.26
357120,코람코라이프인프라리츠,2021-05-31," 11,606,080,680 ",166,0.33
357120,코람코라이프인프라리츠,2021-11-30," 10,076,587,358 ",319,0.64
357120,코람코라이프인프라리츠,2022-05-31," 15,684,130,435 ",177,0.35
357120,코람코라이프인프라리츠,2022-11-30," 14,210,255,502 ",319,
357120,코람코라이프인프라리츠,2023-05-31," 17,735,243,646 ",200,0.4
357120,코람코라이프인프라리츠,2023-11-30," 14,859,028,294 ",168,0.34
357120,코람코라이프인프라리츠,2024-05-31," 14,873,369,866 ",168,0.34
357120,코람코라이프인프라리츠,2024-11-30," 13,162,491,543 ",249,0.5
357120,코람코라이프인프라리츠,2025-05-31," 15,891,417,929 ",163,0.33
357250,미래에셋맵스리츠,2020-11-30," 2,653,000,000 ",132,0.13
357250,미래에셋맵스리츠,2021-05-31," 3,075,300,000 ",153,0.15
357250,미래에셋맵스리츠,2021-11-30," 2,432,100,000 ",121,0.12
357250,미래에셋맵스리츠,2022-05-31," 3,015,000,000 ",150,0.15
357250,미래에셋맵스리츠,2022-11-30," 2,713,500,000 ",135,
357250,미래에셋맵스리츠,2023-05-31," 3,095,400,000 ",154,0.15
357250,미래에셋맵스리츠,2023-11-30," 2,733,600,000 ",136,0.14
357250,미래에셋맵스리츠,2024-05-31," 3,799,255,960 ",152,0.15
357250,미래에셋맵스리츠,2024-11-30," 3,299,353,860 ",132,0.13
357250,미래에셋맵스리츠,2025-05-31," 3,423,749,709 ",137,0.14
357430,마스턴프리미어리츠,2022-09-30," 2,962,840,719 ",111,0.11
357430,마스턴프리미어리츠,2023-03-31," 4,054,378,299 ",152,0.15
357430,마스턴프리미어리츠,2023-09-30," 4,066,740,000 ",153,0.15
357430,마스턴프리미어리츠,2024-03-31," 2,305,400,290 ",86,0.09
357430,마스턴프리미어리츠,2024-09-30," 2,312,429,400 ",44,0.04
357430,마스턴프리미어리츠,2025-03-31," 1,860,823,727 ",61,0.06
357430,마스턴프리미어리츠,2025-09-30," 2,950,757,793 ",96,0.1
365550,ESR켄달스퀘어리츠,2021-05-31," 19,263,536,138 ",134,0.13
365550,ESR켄달스퀘어리츠,2021-11-30," 19,196,706,000 ",134,0.13
365550,ESR켄달스퀘어리츠,2022-05-31," 28,553,926,000 ",134,0.13
365550,ESR켄달스퀘어리츠,2022-11-30," 28,980,104,000 ",136,
365550,ESR켄달스퀘어리츠,2023-05-31," 28,767,015,000 ",135,0.14
365550,ESR켄달스퀘어리츠,2023-11-30," 29,193,193,000 ",137,0.14
365550,ESR켄달스퀘어리츠,2024-05-31," 29,193,193,000 ",137,0.14
365550,ESR켄달스퀘어리츠,2024-11-30," 29,193,193,000 ",137,0.14
365550,ESR켄달스퀘어리츠,2025-05-31," 29,193,193,000 ",137,0.14
377190,디앤디플랫폼리츠,2021-09-30," 5,261,550,000 ",81,0.08
377190,디앤디플랫폼리츠,2022-03-31," 9,783,518,427 ",151,0.15
377190,디앤디플랫폼리츠,2022-09-30," 9,660,000,000 ",150,0.15
377190,디앤디플랫폼리츠,2023-03-31," 9,660,000,000 ",150,0.15
377190,디앤디플랫폼리츠,2023-09-30," 9,080,400,000 ",141,0.14
377190,디앤디플랫폼리츠,2024-03-31," 8,887,200,000 ",138,0.14
377190,디앤디플랫폼리츠,2024-09-30," 8,951,600,000 ",139,0.14
377190,디앤디플랫폼리츠,2025-03-31," 11,138,400,000 ",126,0.13
377190,디앤디플랫폼리츠,2025-09-30," 10,608,000,000 ",120,0.12
395400,SK리츠,2021-06-30," 78,904 ",0,0.00026
395400,SK리츠,2021-09-30," 8,250,980,903 ",53,0.11
395400,SK리츠,2021-12-31," 10,870,235,383 ",70,0.14
395400,SK리츠,2022-03-31," 11,081,700,966 ",71,0.14
395400,SK리츠,2022-06-30," 10,950,409,019 ",70,0.14
395400,SK리츠,2022-09-30," 12,972,569,214 ",66,0.13
395400,SK리츠,2022-12-31," 12,972,569,214 ",66,0.13
395400,SK리츠,2023-03-31," 12,972,569,214 ",66,0.13
395400,SK리츠,2023-06-30," 12,972,569,214 ",66,0.13
395400,SK리츠,2023-09-30," 17,886,421,189 ",91,0.18
395400,SK리츠,2023-12-31," 17,886,421,189 ",91,0.18
395400,SK리츠,2024-03-31," 17,828,756,814 ",66,0.13
395400,SK리츠,2024-06-30," 17,828,756,814 ",66,0.13
395400,SK리츠,2024-09-30," 18,004,064,760 ",66,0.13
395400,SK리츠,2024-12-31," 18,004,064,760 ",66,0.13
395400,SK리츠,2025-03-31," 19,333,214,180 ",70,0.14
395400,SK리츠,2025-06-30," 19,197,338,754 ",66,0.13
395400,SK리츠,2025-09-30," 19,477,831,692 ",66,0.13
396690,미래에셋글로벌리츠,2022-03-31," 1,219,574,258 ",42,0.04
396690,미래에셋글로벌리츠,2022-09-30," 4,307,947,610 ",148,0.15
396690,미래에셋글로벌리츠,2023-03-31," 4,478,146,000 ",154,0.15
396690,미래에셋글로벌리츠,2023-09-30," 4,359,191,824 ",150,0.15
396690,미래에셋글로벌리츠,2024-03-31," 4,755,176,940 ",120,0.12
396690,미래에셋글로벌리츠,2024-09-30," 5,245,024,485 ",132,0.13
396690,미래에셋글로벌리츠,2025-03-31," 5,618,003,157 ",142,0.14
400760,NH올원리츠,2021-12-31," 4,492,615,077 ",106,0.21
400760,NH올원리츠,2022-06-30," 6,498,800,000 ",154,0.31
400760,NH올원리츠,2022-12-31," 6,836,400,000 ",162,0.32
400760,NH올원리츠,2023-06-30," 5,823,600,000 ",138,0.28
400760,NH올원리츠,2023-12-31," 6,330,000,000 ",150,0.3
400760,NH올원리츠,2024-06-30," 5,908,000,000 ",140,0.28
400760,NH올원리츠,2024-12-31," 6,421,739,130 ",200,0.4
400760,NH올원리츠,2025-06-30," 7,440,540,960 ",170,0.34
404990,신한서부티엔디리츠,2021-06-30," 3,477,000,000 ",120,
404990,신한서부티엔디리츠,2021-12-31," 4,980,073,676 ",89,0.09
404990,신한서부티엔디리츠,2022-06-30," 8,729,117,904 ",156,0.16
404990,신한서부티엔디리츠,2022-12-31," 8,952,941,440 ",160,0.16
404990,신한서부티엔디리츠,2023-06-30," 8,393,382,600 ",150,0.15
404990,신한서부티엔디리츠,2023-12-31," 7,833,823,760 ",140,0.14
404990,신한서부티엔디리츠,2024-06-30," 6,602,794,312 ",118,0.12
404990,신한서부티엔디리츠,2024-12-31," 7,274,264,920 ",130,0.13
404990,신한서부티엔디리츠,2025-06-30," 7,313,245,420 ",130,0.13
417310,코람코원리츠,2022-02-28," 1,314,284,964 ",62,0.12
417310,코람코원리츠,2022-05-31," 3,424,638,882 ",84,0.17
417310,코람코원리츠,2022-08-31," 2,432,956,901 ",60,0.12
417310,코람코원리츠,2023-02-28," 3,370,732,935 ",83,0.17
417310,코람코원리츠,2023-05-31," 3,273,318,234 ",81,0.16
417310,코람코원리츠,2023-08-31," 2,693,177,154 ",66,0.13
417310,코람코원리츠,2023-11-30," 3,663,082,764 ",90,0.18
417310,코람코원리츠,2024-02-29," 3,806,771,226 ",94,0.19
417310,코람코원리츠,2024-05-31," 3,655,868,852 ",90,0.18
417310,코람코원리츠,2024-08-31," 2,877,114,276 ",71,0.14
417310,코람코원리츠,2024-11-30," 3,849,535,291 ",95,0.19
417310,코람코원리츠,2025-02-28," 3,812,127,537 ",94,0.19
417310,코람코원리츠,2025-05-31," 3,837,523,165 ",94,0.19
417310,코람코원리츠,2025-08-31," 2,927,167,028 ",72,0.14
432320,KB스타리츠,2023-01-31," 16,733,357,025 ",165,0.33
432320,KB스타리츠,2023-07-31," 19,065,885,580 ",188,0.38
432320,KB스타리츠,2024-01-31," 19,065,885,580 ",188,0.38
432320,KB스타리츠,2024-07-31," 19,065,885,580 ",188,0.38
432320,KB스타리츠,2025-01-31," 18,254,571,300 ",180,0.36
432320,KB스타리츠,2025-07-31," 17,240,428,450 ",170,0.34
448730,삼성FN리츠,2023-04-30," 4,517,204,970 ",58,0.12
448730,삼성FN리츠,2023-07-31," 5,438,674,281 ",70,0.14
448730,삼성FN리츠,2023-10-31," 5,321,328,266 ",69,0.14
448730,삼성FN리츠,2024-01-31," 5,594,285,804 ",72,0.14
448730,삼성FN리츠,2024-04-30," 5,474,260,145 ",71,0.14
448730,삼성FN리츠,2024-07-31," 5,039,544,003 ",65,0.13
448730,삼성FN리츠,2024-10-31," 6,003,861,487 ",66,0.13
448730,삼성FN리츠,2025-01-31," 6,607,868,201 ",73,0.15
448730,삼성FN리츠,2025-04-30," 6,253,000,000 ",69,0.14
448730,삼성FN리츠,2025-07-31," 6,253,000,000 ",69,0.14
451800,한화리츠,2023-04-30," 9,261,172,603 ",131,0.262
451800,한화리츠,2023-10-31," 11,154,800,000 ",158,0.316
451800,한화리츠,2024-04-30," 11,084,200,000 ",157,0.314
451800,한화리츠,2024-10-31," 11,154,800,000 ",158,0.316
451800,한화리츠,2025-04-30," 24,246,000,000 ",135,0.27
481850,신한글로벌액티브리츠,2024-08-31," 5,478,185,664 ",126,0.13
481850,신한글로벌액티브리츠,2025-02-28," 5,521,663,328 ",127,0.13
481850,신한글로벌액티브리츠,2025-08-31," 5,521,663,328 ",127,0.13
