VALUESearch - ETF정보 / A476800.삼성 KODEX 한국부동산리츠인프라부동산상장지수투자신탁[재간접형],,,,,,,,,,,,Report as of : 2025-11-23
기준일자,시가,고가,저가,종가,거래량,거래대금,상장주식수,1개월수익률,3개월수익률,6개월수익률,1년수익률,상장후수익률
,"5,090.  ","5,135.  ","5,080.  ","5,135.  ","772,030.  ","3,938,934,540.  ","2,800,000.  ",.  ,.  ,.  ,.  ,.  
,"5,135.  ","5,210.  ","5,125.  ","5,180.  ","1,253,987.  ","6,493,190,065.  ","2,800,000.  ",.01  ,.01  ,.01  ,.01  ,.01  
,"5,210.  ","5,265.  ","5,180.  ","5,195.  ","1,134,902.  ","5,927,555,895.  ","2,800,000.  ",.01  ,.01  ,.01  ,.01  ,.01  
,"5,200.  ","5,205.  ","5,180.  ","5,185.  ","865,382.  ","4,489,805,420.  ","2,850,000.  ",.01  ,.01  ,.01  ,.01  ,.01  
,"5,200.  ","5,230.  ","5,185.  ","5,230.  ","654,844.  ","3,405,794,915.  ","3,150,000.  ",.02  ,.02  ,.02  ,.02  ,.02  
,"5,230.  ","5,240.  ","5,200.  ","5,225.  ","679,302.  ","3,552,257,210.  ","3,250,000.  ",.02  ,.02  ,.02  ,.02  ,.02  
,"5,225.  ","5,225.  ","5,190.  ","5,210.  ","667,133.  ","3,473,505,195.  ","3,350,000.  ",.01  ,.01  ,.01  ,.01  ,.01  
,"5,220.  ","5,225.  ","5,195.  ","5,205.  ","563,555.  ","2,935,770,615.  ","3,400,000.  ",.01  ,.01  ,.01  ,.01  ,.01  
,"5,205.  ","5,210.  ","5,175.  ","5,180.  ","693,175.  ","3,592,138,145.  ","3,450,000.  ",.01  ,.01  ,.01  ,.01  ,.01  
,"5,180.  ","5,190.  ","5,100.  ","5,110.  ","774,585.  ","3,974,189,245.  ","3,650,000.  ",.  ,.  ,.  ,.  ,.  
,"5,115.  ","5,130.  ","5,090.  ","5,130.  ","634,390.  ","3,236,758,290.  ","3,650,000.  ",.  ,.  ,.  ,.  ,.  
,"5,150.  ","5,150.  ","5,120.  ","5,150.  ","508,410.  ","2,609,228,000.  ","3,950,000.  ",.  ,.  ,.  ,.  ,.  
,"5,165.  ","5,170.  ","5,150.  ","5,160.  ","525,091.  ","2,711,290,250.  ","4,150,000.  ",.  ,.  ,.  ,.  ,.  
,"5,165.  ","5,205.  ","5,160.  ","5,205.  ","647,556.  ","3,351,131,290.  ","4,150,000.  ",.01  ,.01  ,.01  ,.01  ,.01  
,"5,200.  ","5,245.  ","5,200.  ","5,240.  ","577,407.  ","3,011,826,620.  ","4,150,000.  ",.02  ,.02  ,.02  ,.02  ,.02  
,"5,250.  ","5,255.  ","5,220.  ","5,230.  ","594,222.  ","3,111,794,850.  ","4,200,000.  ",.02  ,.02  ,.02  ,.02  ,.02  
,"5,240.  ","5,240.  ","5,215.  ","5,240.  ","472,443.  ","2,470,280,840.  ","4,200,000.  ",.02  ,.02  ,.02  ,.02  ,.02  
,"5,250.  ","5,260.  ","5,240.  ","5,250.  ","518,077.  ","2,721,998,290.  ","4,400,000.  ",.02  ,.02  ,.02  ,.02  ,.02  
,"5,250.  ","5,250.  ","5,230.  ","5,245.  ","488,181.  ","2,558,616,765.  ","4,400,000.  ",.02  ,.02  ,.02  ,.02  ,.02  
,"5,250.  ","5,255.  ","5,230.  ","5,240.  ","1,470,763.  ","7,705,123,810.  ","4,400,000.  ",.02  ,.02  ,.02  ,.02  ,.02  
,"5,250.  ","5,250.  ","5,230.  ","5,240.  ","935,595.  ","4,900,151,270.  ","4,400,000.  ",.02  ,.02  ,.02  ,.02  ,.02  
,"5,245.  ","5,260.  ","5,215.  ","5,260.  ","982,344.  ","5,132,517,390.  ","4,450,000.  ",.02  ,.02  ,.02  ,.02  ,.02  
,"5,265.  ","5,265.  ","5,250.  ","5,260.  ","965,174.  ","5,073,998,875.  ","4,500,000.  ",.02  ,.02  ,.02  ,.02  ,.02  
,"5,250.  ","5,250.  ","5,230.  ","5,235.  ","889,898.  ","4,662,493,300.  ","4,500,000.  ",.02  ,.02  ,.02  ,.02  ,.02  
,"5,240.  ","5,240.  ","5,205.  ","5,210.  ","1,223,502.  ","6,382,929,245.  ","4,500,000.  ",.  ,.01  ,.01  ,.01  ,.01  
,"5,215.  ","5,215.  ","5,160.  ","5,175.  ","940,547.  ","4,878,875,310.  ","4,550,000.  ",.  ,.01  ,.01  ,.01  ,.01  
,"5,150.  ","5,155.  ","5,115.  ","5,125.  ","935,432.  ","4,794,243,620.  ","4,550,000.  ",-.02  ,.  ,.  ,.  ,.  
,"5,125.  ","5,125.  ","5,095.  ","5,120.  ","953,437.  ","4,867,909,335.  ","4,600,000.  ",-.01  ,.  ,.  ,.  ,.  
,"5,120.  ","5,120.  ","5,080.  ","5,100.  ","900,865.  ","4,585,428,330.  ","4,600,000.  ",-.01  ,.  ,.  ,.  ,-.01  
,"5,105.  ","5,105.  ","5,010.  ","5,020.  ","973,830.  ","4,928,721,845.  ","4,600,000.  ",-.03  ,-.02  ,-.02  ,-.02  ,-.02  
,"5,030.  ","5,045.  ","5,005.  ","5,025.  ","925,274.  ","4,649,447,110.  ","5,450,000.  ",-.02  ,-.02  ,-.02  ,-.02  ,-.02  
,"5,030.  ","5,055.  ","5,020.  ","5,040.  ","808,563.  ","4,069,275,345.  ","5,850,000.  ",-.01  ,-.01  ,-.01  ,-.01  ,-.02  
,"5,050.  ","5,050.  ","5,015.  ","5,030.  ","853,264.  ","4,296,145,030.  ","5,850,000.  ",-.01  ,-.01  ,-.01  ,-.01  ,-.02  
,"5,035.  ","5,075.  ","5,030.  ","5,075.  ","793,986.  ","4,013,282,990.  ","5,850,000.  ",-.02  ,-.01  ,-.01  ,-.01  ,-.01  
,"5,085.  ","5,095.  ","5,065.  ","5,095.  ","801,529.  ","4,065,769,265.  ","5,900,000.  ",-.02  ,.  ,.  ,.  ,-.01  
,"5,100.  ","5,120.  ","5,095.  ","5,120.  ","748,646.  ","3,825,217,885.  ","6,300,000.  ",-.01  ,.  ,.  ,.  ,.  
,"5,125.  ","5,130.  ","5,110.  ","5,125.  ","800,515.  ","4,101,184,895.  ","6,300,000.  ",-.02  ,.  ,.  ,.  ,.  
,"5,125.  ","5,130.  ","5,100.  ","5,115.  ","697,408.  ","3,569,133,180.  ","6,300,000.  ",-.02  ,.  ,.  ,.  ,.  
,"5,115.  ","5,125.  ","5,105.  ","5,120.  ","805,767.  ","4,121,236,660.  ","6,400,000.  ",-.02  ,.  ,.  ,.  ,.  
,"5,135.  ","5,140.  ","5,115.  ","5,130.  ","719,571.  ","3,691,068,875.  ","6,400,000.  ",-.02  ,.  ,.  ,.  ,.  
,"5,130.  ","5,140.  ","5,110.  ","5,140.  ","413,051.  ","2,114,891,865.  ","6,400,000.  ",-.01  ,.01  ,.01  ,.01  ,.  
,"5,150.  ","5,150.  ","5,120.  ","5,135.  ","460,236.  ","2,362,857,220.  ","6,400,000.  ",-.02  ,.01  ,.01  ,.01  ,.  
,"5,135.  ","5,155.  ","5,135.  ","5,155.  ","1,036,976.  ","5,338,553,000.  ","6,400,000.  ",-.01  ,.01  ,.01  ,.01  ,.  
,"5,165.  ","5,200.  ","5,150.  ","5,190.  ","1,064,524.  ","5,505,354,910.  ","6,450,000.  ",.  ,.02  ,.02  ,.02  ,.01  
,"5,205.  ","5,260.  ","5,200.  ","5,260.  ","1,301,675.  ","6,806,781,870.  ","6,500,000.  ",.02  ,.03  ,.03  ,.03  ,.02  
,"5,265.  ","5,305.  ","5,245.  ","5,255.  ","1,152,641.  ","6,083,347,090.  ","6,500,000.  ",.02  ,.03  ,.03  ,.03  ,.02  
,"5,230.  ","5,250.  ","5,225.  ","5,245.  ","1,074,357.  ","5,629,200,780.  ","7,350,000.  ",.03  ,.03  ,.03  ,.03  ,.02  
,"5,255.  ","5,260.  ","5,230.  ","5,240.  ","1,071,179.  ","5,617,198,365.  ","7,350,000.  ",.03  ,.03  ,.03  ,.03  ,.02  
,"5,255.  ","5,275.  ","5,255.  ","5,270.  ","1,109,762.  ","5,841,731,485.  ","7,350,000.  ",.06  ,.04  ,.04  ,.04  ,.03  
,"5,270.  ","5,280.  ","5,260.  ","5,275.  ","1,069,175.  ","5,630,412,855.  ","7,400,000.  ",.06  ,.04  ,.04  ,.04  ,.03  
,"5,280.  ","5,295.  ","5,260.  ","5,260.  ","972,025.  ","5,135,342,665.  ","7,300,000.  ",.05  ,.04  ,.04  ,.04  ,.02  
,"5,265.  ","5,270.  ","5,230.  ","5,235.  ","1,026,560.  ","5,391,079,335.  ","7,300,000.  ",.05  ,.03  ,.03  ,.03  ,.02  
,"5,240.  ","5,255.  ","5,235.  ","5,245.  ","959,429.  ","5,029,182,555.  ","7,300,000.  ",.04  ,.03  ,.03  ,.03  ,.02  
,"5,255.  ","5,255.  ","5,220.  ","5,230.  ","915,202.  ","4,787,247,160.  ","7,300,000.  ",.03  ,.03  ,.03  ,.03  ,.02  
,"5,210.  ","5,240.  ","5,200.  ","5,235.  ","1,018,577.  ","5,321,741,700.  ","7,300,000.  ",.03  ,.03  ,.03  ,.03  ,.02  
,"5,235.  ","5,255.  ","5,230.  ","5,255.  ","961,750.  ","5,040,044,875.  ","7,300,000.  ",.03  ,.04  ,.04  ,.04  ,.02  
,"5,260.  ","5,270.  ","5,245.  ","5,260.  ","956,332.  ","5,029,834,690.  ","7,300,000.  ",.03  ,.04  ,.04  ,.04  ,.02  
,"5,280.  ","5,280.  ","5,235.  ","5,235.  ","961,027.  ","5,048,302,900.  ","7,300,000.  ",.03  ,.03  ,.03  ,.03  ,.02  
,"5,240.  ","5,245.  ","5,220.  ","5,230.  ","949,991.  ","4,970,781,315.  ","7,300,000.  ",.03  ,.03  ,.03  ,.03  ,.02  
,"5,230.  ","5,260.  ","5,230.  ","5,255.  ","906,146.  ","4,751,066,020.  ","7,300,000.  ",.03  ,.04  ,.04  ,.04  ,.02  
,"5,270.  ","5,275.  ","5,240.  ","5,270.  ","1,095,539.  ","5,754,812,950.  ","7,350,000.  ",.03  ,.04  ,.04  ,.04  ,.03  
,"5,280.  ","5,280.  ","5,260.  ","5,270.  ","1,041,622.  ","5,484,592,325.  ","7,350,000.  ",.03  ,.04  ,.04  ,.04  ,.03  
,"5,275.  ","5,285.  ","5,270.  ","5,280.  ","944,685.  ","4,984,959,925.  ","7,350,000.  ",.03  ,.04  ,.04  ,.04  ,.03  
,"5,290.  ","5,325.  ","5,290.  ","5,325.  ","1,251,667.  ","6,651,209,170.  ","7,400,000.  ",.04  ,.04  ,.05  ,.05  ,.04  
,"5,325.  ","5,325.  ","5,300.  ","5,315.  ","693,248.  ","3,681,206,985.  ","7,600,000.  ",.02  ,.04  ,.05  ,.05  ,.04  
,"5,315.  ","5,330.  ","5,305.  ","5,325.  ","698,404.  ","3,717,107,255.  ","7,800,000.  ",.02  ,.03  ,.05  ,.05  ,.04  
,"5,330.  ","5,330.  ","5,300.  ","5,310.  ","750,912.  ","3,990,555,270.  ","8,850,000.  ",.02  ,.03  ,.05  ,.05  ,.03  
,"5,280.  ","5,290.  ","5,240.  ","5,260.  ","811,749.  ","4,280,881,995.  ","9,300,000.  ",.01  ,.03  ,.04  ,.04  ,.02  
,"5,255.  ","5,260.  ","5,210.  ","5,230.  ","685,290.  ","3,592,560,120.  ","9,300,000.  ",.  ,.02  ,.04  ,.04  ,.02  
,"5,210.  ","5,225.  ","5,160.  ","5,175.  ","754,814.  ","3,924,528,715.  ","9,300,000.  ",-.01  ,.02  ,.03  ,.03  ,.01  
,"5,185.  ","5,185.  ","5,165.  ","5,185.  ","592,303.  ","3,066,482,065.  ","9,300,000.  ",-.01  ,.03  ,.03  ,.03  ,.01  
,"5,190.  ","5,190.  ","5,120.  ","5,135.  ","824,236.  ","4,255,621,220.  ","9,400,000.  ",-.02  ,.02  ,.02  ,.02  ,.  
,"5,140.  ","5,140.  ","5,105.  ","5,135.  ","650,810.  ","3,331,488,475.  ","9,350,000.  ",-.02  ,.01  ,.02  ,.02  ,.  
,"5,135.  ","5,195.  ","5,120.  ","5,185.  ","534,398.  ","2,752,937,250.  ","9,700,000.  ",.  ,.02  ,.03  ,.03  ,.01  
,"5,205.  ","5,210.  ","5,190.  ","5,195.  ","508,365.  ","2,645,426,355.  ","10,050,000.  ",.  ,.02  ,.03  ,.03  ,.01  
,"5,205.  ","5,215.  ","5,195.  ","5,210.  ","458,849.  ","2,388,982,455.  ","10,100,000.  ",.  ,.01  ,.03  ,.03  ,.01  
,"5,215.  ","5,215.  ","5,200.  ","5,215.  ","586,566.  ","3,054,699,775.  ","10,100,000.  ",.  ,.01  ,.03  ,.03  ,.02  
,"5,220.  ","5,245.  ","5,215.  ","5,230.  ","592,738.  ","3,099,183,880.  ","10,100,000.  ",.  ,.02  ,.04  ,.04  ,.02  
,"5,245.  ","5,255.  ","5,240.  ","5,250.  ","418,137.  ","2,194,847,550.  ","10,150,000.  ",.  ,.02  ,.04  ,.04  ,.02  
,"5,250.  ","5,250.  ","5,220.  ","5,235.  ","369,818.  ","1,935,365,295.  ","10,150,000.  ",.  ,.02  ,.04  ,.04  ,.02  
,"5,230.  ","5,230.  ","5,190.  ","5,210.  ","255,273.  ","1,329,031,965.  ","10,150,000.  ",.  ,.01  ,.03  ,.03  ,.01  
,"5,225.  ","5,235.  ","5,215.  ","5,235.  ","232,138.  ","1,213,071,520.  ","10,150,000.  ",.  ,.01  ,.04  ,.04  ,.02  
,"5,240.  ","5,245.  ","5,205.  ","5,230.  ","275,526.  ","1,439,236,280.  ","10,250,000.  ",.  ,.01  ,.04  ,.04  ,.02  
,"5,225.  ","5,230.  ","5,190.  ","5,200.  ","517,602.  ","2,691,372,735.  ","10,400,000.  ",-.01  ,.01  ,.03  ,.03  ,.01  
,"5,205.  ","5,210.  ","5,190.  ","5,210.  ","251,191.  ","1,306,163,590.  ","10,500,000.  ",-.02  ,.02  ,.03  ,.03  ,.01  
,"5,215.  ","5,215.  ","5,175.  ","5,190.  ","405,382.  ","2,104,680,950.  ","11,550,000.  ",-.02  ,.02  ,.03  ,.03  ,.01  
,"5,190.  ","5,195.  ","5,175.  ","5,190.  ","372,508.  ","1,931,782,570.  ","11,750,000.  ",-.02  ,.02  ,.03  ,.03  ,.01  
,"5,200.  ","5,200.  ","5,190.  ","5,200.  ","263,181.  ","1,367,444,205.  ","13,300,000.  ",-.02  ,.03  ,.03  ,.03  ,.01  
,"5,190.  ","5,200.  ","5,185.  ","5,200.  ","232,539.  ","1,207,015,970.  ","14,350,000.  ",-.01  ,.03  ,.04  ,.04  ,.01  
,"5,205.  ","5,210.  ","5,195.  ","5,205.  ","154,865.  ","805,585,040.  ","14,350,000.  ",.  ,.04  ,.04  ,.04  ,.01  
,"5,220.  ","5,230.  ","5,205.  ","5,230.  ","698,169.  ","3,650,064,585.  ","14,350,000.  ",.01  ,.06  ,.04  ,.04  ,.02  
,"5,235.  ","5,275.  ","5,235.  ","5,270.  ","288,560.  ","1,518,783,730.  ","14,350,000.  ",.03  ,.07  ,.05  ,.05  ,.03  
,"5,265.  ","5,285.  ","5,265.  ","5,285.  ","259,845.  ","1,370,909,610.  ","14,100,000.  ",.03  ,.07  ,.05  ,.05  ,.03  
,"5,285.  ","5,295.  ","5,280.  ","5,290.  ","146,982.  ","777,138,905.  ","14,600,000.  ",.04  ,.07  ,.06  ,.06  ,.03  
,"5,305.  ","5,305.  ","5,285.  ","5,305.  ","205,904.  ","1,090,340,960.  ","14,600,000.  ",.03  ,.06  ,.06  ,.06  ,.03  
,"5,290.  ","5,315.  ","5,285.  ","5,290.  ","250,047.  ","1,324,675,835.  ","14,650,000.  ",.03  ,.06  ,.06  ,.06  ,.03  
,"5,300.  ","5,310.  ","5,285.  ","5,310.  ","160,393.  ","848,909,760.  ","14,650,000.  ",.03  ,.06  ,.06  ,.06  ,.03  
,"5,300.  ","5,305.  ","5,265.  ","5,295.  ","124,057.  ","655,003,795.  ","14,650,000.  ",.02  ,.05  ,.06  ,.06  ,.03  
,"5,305.  ","5,310.  ","5,290.  ","5,310.  ","100,420.  ","532,842,910.  ","14,700,000.  ",.03  ,.06  ,.06  ,.06  ,.03  
,"5,310.  ","5,350.  ","5,310.  ","5,345.  ","254,513.  ","1,358,682,060.  ","14,700,000.  ",.02  ,.06  ,.07  ,.07  ,.04  
,"5,360.  ","5,400.  ","5,350.  ","5,395.  ","153,159.  ","825,173,910.  ","14,700,000.  ",.03  ,.07  ,.08  ,.08  ,.05  
,"5,425.  ","5,470.  ","5,400.  ","5,460.  ","248,143.  ","1,351,754,835.  ","14,700,000.  ",.05  ,.08  ,.09  ,.09  ,.06  
,"5,460.  ","5,475.  ","5,450.  ","5,460.  ","224,443.  ","1,225,280,455.  ","14,700,000.  ",.05  ,.08  ,.09  ,.09  ,.06  
,"5,450.  ","5,460.  ","5,375.  ","5,385.  ","387,214.  ","2,094,755,895.  ","14,700,000.  ",.04  ,.07  ,.07  ,.07  ,.05  
,"5,375.  ","5,375.  ","4,970.  ","5,145.  ","946,141.  ","4,928,838,680.  ","14,700,000.  ",.  ,.02  ,.03  ,.03  ,.  
,"5,220.  ","5,310.  ","5,210.  ","5,310.  ","338,015.  ","1,782,155,055.  ","14,750,000.  ",.03  ,.05  ,.06  ,.06  ,.03  
,"5,310.  ","5,370.  ","5,310.  ","5,345.  ","318,650.  ","1,704,250,485.  ","15,050,000.  ",.03  ,.06  ,.07  ,.07  ,.04  
,"5,345.  ","5,345.  ","5,250.  ","5,290.  ","272,252.  ","1,448,622,130.  ","15,100,000.  ",.02  ,.04  ,.06  ,.06  ,.03  
,"5,300.  ","5,325.  ","5,270.  ","5,290.  ","396,461.  ","2,098,158,870.  ","15,100,000.  ",.03  ,.02  ,.06  ,.06  ,.03  
,"5,295.  ","5,370.  ","5,295.  ","5,370.  ","222,307.  ","1,185,472,385.  ","15,100,000.  ",.03  ,.04  ,.07  ,.07  ,.05  
,"5,280.  ","5,305.  ","5,270.  ","5,295.  ","343,435.  ","1,814,911,775.  ","15,350,000.  ",.02  ,.03  ,.06  ,.06  ,.03  
,"5,305.  ","5,320.  ","5,295.  ","5,310.  ","179,578.  ","953,466,570.  ","15,350,000.  ",.03  ,.03  ,.07  ,.07  ,.03  
,"5,335.  ","5,335.  ","5,300.  ","5,310.  ","206,661.  ","1,097,117,065.  ","15,350,000.  ",.02  ,.03  ,.07  ,.07  ,.03  
,"5,310.  ","5,315.  ","5,290.  ","5,295.  ","247,078.  ","1,309,403,385.  ","15,500,000.  ",.01  ,.02  ,.06  ,.06  ,.03  
,"5,295.  ","5,300.  ","5,255.  ","5,265.  ","313,307.  ","1,653,180,315.  ","15,550,000.  ",.  ,.02  ,.06  ,.06  ,.03  
,"5,280.  ","5,280.  ","5,240.  ","5,255.  ","189,248.  ","993,588,410.  ","15,550,000.  ",.  ,.02  ,.06  ,.06  ,.02  
,"5,255.  ","5,280.  ","5,245.  ","5,260.  ","204,394.  ","1,073,835,465.  ","15,650,000.  ",.  ,.02  ,.06  ,.06  ,.02  
,"5,255.  ","5,275.  ","5,240.  ","5,275.  ","179,651.  ","945,671,555.  ","16,050,000.  ",.  ,.03  ,.06  ,.06  ,.03  
,"5,275.  ","5,300.  ","5,275.  ","5,290.  ","654,119.  ","3,461,160,605.  ","16,050,000.  ",.  ,.03  ,.06  ,.06  ,.03  
,"5,300.  ","5,300.  ","5,285.  ","5,295.  ","576,073.  ","3,049,338,680.  ","16,150,000.  ",.  ,.03  ,.06  ,.06  ,.03  
,"5,295.  ","5,300.  ","5,260.  ","5,275.  ","592,754.  ","3,131,418,385.  ","16,150,000.  ",.  ,.02  ,.06  ,.06  ,.03  
,"5,280.  ","5,280.  ","5,260.  ","5,280.  ","751,841.  ","3,960,603,220.  ","16,250,000.  ",-.01  ,.03  ,.06  ,.06  ,.03  
,"5,290.  ","5,320.  ","5,275.  ","5,315.  ","671,997.  ","3,561,646,165.  ","16,350,000.  ",-.02  ,.03  ,.07  ,.07  ,.04  
,"5,330.  ","5,330.  ","5,295.  ","5,320.  ","776,598.  ","4,118,178,445.  ","16,500,000.  ",-.01  ,.03  ,.07  ,.07  ,.04  
,"5,325.  ","5,325.  ","5,305.  ","5,320.  ","713,085.  ","3,790,440,685.  ","16,650,000.  ",-.01  ,.03  ,.07  ,.07  ,.04  
,"5,295.  ","5,300.  ","5,275.  ","5,300.  ","996,201.  ","5,265,307,745.  ","16,750,000.  ",-.01  ,.02  ,.06  ,.06  ,.03  
,"5,305.  ","5,310.  ","5,280.  ","5,280.  ","903,750.  ","4,783,811,750.  ","17,000,000.  ",.03  ,.02  ,.06  ,.06  ,.03  
,"5,280.  ","5,295.  ","5,270.  ","5,285.  ","787,236.  ","4,157,504,230.  ","17,150,000.  ",.  ,.02  ,.05  ,.06  ,.03  
,"5,270.  ","5,270.  ","5,255.  ","5,270.  ","913,401.  ","4,808,121,475.  ","17,350,000.  ",.  ,.01  ,.05  ,.06  ,.03  
,"5,270.  ","5,300.  ","5,270.  ","5,285.  ","641,987.  ","3,396,954,375.  ","17,650,000.  ",.01  ,.01  ,.05  ,.06  ,.03  
,"5,310.  ","5,310.  ","5,275.  ","5,290.  ","1,061,930.  ","5,614,502,620.  ","18,000,000.  ",.01  ,.01  ,.04  ,.06  ,.03  
,"5,270.  ","5,270.  ","5,235.  ","5,250.  ","1,182,375.  ","6,208,637,420.  ","19,900,000.  ",-.01  ,.01  ,.04  ,.06  ,.02  
,"5,255.  ","5,260.  ","5,235.  ","5,250.  ","828,020.  ","4,348,543,375.  ","19,900,000.  ",.  ,.02  ,.05  ,.06  ,.02  
,"5,265.  ","5,275.  ","5,220.  ","5,265.  ","754,405.  ","3,967,055,110.  ","19,900,000.  ",.  ,.05  ,.07  ,.06  ,.03  
,"5,265.  ","5,275.  ","5,245.  ","5,260.  ","895,410.  ","4,710,649,535.  ","20,100,000.  ",.01  ,.04  ,.06  ,.06  ,.02  
,"5,265.  ","5,265.  ","5,250.  ","5,260.  ","1,461,833.  ","7,687,838,825.  ","20,100,000.  ",.  ,.03  ,.05  ,.06  ,.02  
,"5,255.  ","5,260.  ","5,240.  ","5,245.  ","888,181.  ","4,662,251,275.  ","20,100,000.  ",.  ,.03  ,.05  ,.06  ,.02  
,"5,240.  ","5,250.  ","5,195.  ","5,220.  ","1,014,684.  ","5,291,233,225.  ","20,150,000.  ",.  ,.02  ,.03  ,.06  ,.02  
,"5,230.  ","5,230.  ","5,195.  ","5,215.  ","1,203,189.  ","6,266,694,185.  ","20,200,000.  ",-.01  ,.02  ,.03  ,.05  ,.02  
,"5,225.  ","5,240.  ","5,180.  ","5,190.  ","1,193,181.  ","6,212,052,375.  ","20,400,000.  ",-.01  ,.01  ,.03  ,.05  ,.01  
,"5,195.  ","5,200.  ","5,150.  ","5,155.  ","910,489.  ","4,709,564,900.  ","20,600,000.  ",-.02  ,.  ,.02  ,.04  ,.  
,"5,145.  ","5,150.  ","5,055.  ","5,075.  ","1,081,708.  ","5,522,012,775.  ","20,600,000.  ",-.04  ,-.01  ,.01  ,.03  ,-.01  
,"5,070.  ","5,080.  ","5,015.  ","5,030.  ","1,120,262.  ","5,657,329,535.  ","20,500,000.  ",-.04  ,-.02  ,-.01  ,.02  ,-.02  
,"5,040.  ","5,065.  ","5,010.  ","5,050.  ","981,940.  ","4,940,781,920.  ","20,500,000.  ",-.04  ,-.01  ,.  ,.02  ,-.02  
,"5,070.  ","5,070.  ","4,985.  ","4,985.  ","1,161,313.  ","5,839,542,810.  ","21,050,000.  ",-.05  ,-.02  ,-.01  ,.01  ,-.03  
,"5,005.  ","5,045.  ","4,995.  ","5,040.  ","862,405.  ","4,333,400,680.  ","21,150,000.  ",-.04  ,-.01  ,.01  ,.02  ,-.02  
,"5,045.  ","5,085.  ","5,035.  ","5,070.  ","909,572.  ","4,616,953,295.  ","21,700,000.  ",-.04  ,-.01  ,.03  ,.02  ,-.01  
,"5,040.  ","5,080.  ","5,035.  ","5,080.  ","774,853.  ","3,922,692,185.  ","22,400,000.  ",-.03  ,.  ,.03  ,.03  ,-.01  
,"5,090.  ","5,110.  ","5,080.  ","5,090.  ","872,655.  ","4,445,868,405.  ","22,400,000.  ",-.02  ,.  ,.04  ,.04  ,-.01  
,"5,095.  ","5,095.  ","5,055.  ","5,055.  ","761,312.  ","3,870,939,315.  ","22,400,000.  ",-.03  ,-.01  ,.05  ,.03  ,-.02  
,"5,055.  ","5,085.  ","5,055.  ","5,075.  ","794,183.  ","4,026,385,815.  ","23,400,000.  ",-.03  ,-.02  ,.05  ,.03  ,-.01  
,"5,080.  ","5,080.  ","5,045.  ","5,055.  ","820,650.  ","4,153,909,115.  ","23,550,000.  ",-.03  ,-.02  ,.04  ,.03  ,-.02  
,"5,065.  ","5,070.  ","5,045.  ","5,065.  ","750,101.  ","3,789,575,975.  ","23,550,000.  ",-.03  ,-.02  ,.05  ,.03  ,-.01  
,"5,055.  ","5,060.  ","5,005.  ","5,025.  ","962,834.  ","4,843,823,910.  ","23,600,000.  ",-.04  ,-.03  ,.03  ,.02  ,-.02  
,"5,025.  ","5,040.  ","4,995.  ","5,005.  ","868,810.  ","4,361,914,980.  ","23,700,000.  ",-.04  ,-.03  ,.02  ,.02  ,-.03  
,"5,005.  ","5,010.  ","4,985.  ","4,990.  ","789,453.  ","3,941,261,015.  ","23,850,000.  ",-.04  ,-.04  ,.01  ,.02  ,-.03  
,"5,000.  ","5,000.  ","4,915.  ","4,920.  ","1,101,372.  ","5,465,229,705.  ","23,900,000.  ",-.05  ,-.05  ,.  ,.  ,-.04  
,"4,925.  ","4,935.  ","4,855.  ","4,880.  ","1,081,619.  ","5,273,711,595.  ","24,050,000.  ",-.05  ,-.06  ,-.01  ,-.01  ,-.05  
,"4,910.  ","4,910.  ","4,885.  ","4,905.  ","747,281.  ","3,659,825,355.  ","24,100,000.  ",-.05  ,-.06  ,.  ,.  ,-.04  
,"4,905.  ","4,905.  ","4,845.  ","4,870.  ","867,729.  ","4,220,642,965.  ","24,450,000.  ",-.05  ,-.08  ,-.01  ,-.01  ,-.05  
,"4,870.  ","4,900.  ","4,850.  ","4,900.  ","725,344.  ","3,546,878,985.  ","24,450,000.  ",-.04  ,-.08  ,-.01  ,.  ,-.05  
,"4,895.  ","4,895.  ","4,860.  ","4,870.  ","648,546.  ","3,158,847,060.  ","24,450,000.  ",-.05  ,-.09  ,-.02  ,-.01  ,-.05  
,"4,875.  ","4,875.  ","4,820.  ","4,830.  ","953,857.  ","4,607,878,775.  ","24,600,000.  ",-.03  ,-.08  ,-.02  ,-.02  ,-.06  
,"4,840.  ","4,850.  ","4,825.  ","4,840.  ","736,731.  ","3,566,702,260.  ","24,700,000.  ",-.03  ,-.04  ,-.02  ,-.01  ,-.06  
,"4,855.  ","4,855.  ","4,745.  ","4,805.  ","1,056,474.  ","5,083,946,695.  ","24,800,000.  ",-.04  ,-.08  ,-.03  ,-.02  ,-.06  
,"4,800.  ","4,805.  ","4,745.  ","4,765.  ","949,704.  ","4,522,577,935.  ","24,800,000.  ",-.05  ,-.09  ,-.04  ,-.03  ,-.07  
,"4,775.  ","4,795.  ","4,740.  ","4,750.  ","785,232.  ","3,751,146,255.  ","24,950,000.  ",-.04  ,-.08  ,-.05  ,-.03  ,-.07  
,"4,750.  ","4,755.  ","4,655.  ","4,675.  ","1,086,389.  ","5,092,042,765.  ","25,050,000.  ",-.07  ,-.1  ,-.08  ,-.05  ,-.09  
,"4,675.  ","4,675.  ","4,550.  ","4,565.  ","1,451,843.  ","6,645,160,830.  ","25,100,000.  ",-.09  ,-.13  ,-.1  ,-.07  ,-.11  
,"4,550.  ","4,650.  ","4,550.  ","4,635.  ","861,003.  ","3,973,614,440.  ","25,300,000.  ",-.08  ,-.11  ,-.09  ,-.06  ,-.1  
,"4,605.  ","4,605.  ","4,550.  ","4,555.  ","712,444.  ","3,262,611,660.  ","26,900,000.  ",-.1  ,-.12  ,-.1  ,-.07  ,-.11  
,"4,565.  ","4,590.  ","4,550.  ","4,590.  ","772,523.  ","3,533,157,555.  ","26,900,000.  ",-.09  ,-.12  ,-.09  ,-.06  ,-.11  
,"4,615.  ","4,705.  ","4,610.  ","4,625.  ","788,991.  ","3,682,869,385.  ","26,900,000.  ",-.08  ,-.11  ,-.09  ,-.05  ,-.1  
,"4,645.  ","4,680.  ","4,620.  ","4,680.  ","901,654.  ","4,202,346,755.  ","26,900,000.  ",-.07  ,-.1  ,-.08  ,-.04  ,-.09  
,"4,685.  ","4,725.  ","4,680.  ","4,725.  ","866,017.  ","4,062,967,815.  ","26,800,000.  ",-.06  ,-.08  ,-.06  ,-.03  ,-.08  
,"4,720.  ","4,745.  ","4,720.  ","4,740.  ","711,138.  ","3,364,480,275.  ","26,800,000.  ",-.06  ,-.08  ,-.06  ,-.03  ,-.08  
,"4,745.  ","4,760.  ","4,735.  ","4,760.  ","816,847.  ","3,880,346,505.  ","26,800,000.  ",-.05  ,-.08  ,-.06  ,-.02  ,-.07  
,"4,770.  ","4,770.  ","4,735.  ","4,750.  ","776,983.  ","3,692,553,960.  ","26,800,000.  ",-.03  ,-.08  ,-.06  ,-.03  ,-.07  
,"4,755.  ","4,755.  ","4,710.  ","4,730.  ","587,210.  ","2,772,322,900.  ","26,950,000.  ",-.03  ,-.09  ,-.06  ,-.03  ,-.08  
,"4,735.  ","4,745.  ","4,715.  ","4,725.  ","723,251.  ","3,419,275,790.  ","26,950,000.  ",-.03  ,-.09  ,-.06  ,-.03  ,-.08  
,"4,735.  ","4,800.  ","4,730.  ","4,750.  ","1,001,586.  ","4,760,958,780.  ","27,050,000.  ",-.02  ,-.08  ,-.06  ,-.03  ,-.07  
,"4,765.  ","4,770.  ","4,690.  ","4,705.  ","853,904.  ","4,022,876,550.  ","27,100,000.  ",-.03  ,-.1  ,-.07  ,-.04  ,-.08  
,"4,715.  ","4,725.  ","4,680.  ","4,695.  ","744,426.  ","3,496,930,685.  ","27,100,000.  ",-.02  ,-.1  ,-.07  ,-.04  ,-.09  
,"4,690.  ","4,695.  ","4,650.  ","4,660.  ","803,391.  ","3,746,392,630.  ","27,200,000.  ",-.04  ,-.11  ,-.08  ,-.04  ,-.09  
,"4,605.  ","4,650.  ","4,570.  ","4,620.  ","1,021,759.  ","4,710,116,115.  ","27,300,000.  ",-.04  ,-.11  ,-.09  ,-.05  ,-.1  
,"4,620.  ","4,635.  ","4,550.  ","4,560.  ","830,608.  ","3,796,251,635.  ","27,300,000.  ",-.05  ,-.12  ,-.1  ,-.06  ,-.11  
,"4,545.  ","4,585.  ","4,495.  ","4,570.  ","853,440.  ","3,868,595,025.  ","27,300,000.  ",-.04  ,-.12  ,-.1  ,-.06  ,-.11  
,"4,530.  ","4,535.  ","4,440.  ","4,450.  ","1,127,029.  ","5,038,168,975.  ","27,500,000.  ",-.06  ,-.14  ,-.13  ,-.09  ,-.13  
,"4,470.  ","4,560.  ","4,470.  ","4,560.  ","806,872.  ","3,642,044,815.  ","27,500,000.  ",-.03  ,-.12  ,-.11  ,-.06  ,-.11  
,"4,565.  ","4,630.  ","4,560.  ","4,630.  ","755,223.  ","3,460,409,520.  ","27,900,000.  ",.  ,-.11  ,-.09  ,-.05  ,-.1  
,"4,605.  ","4,640.  ","4,595.  ","4,620.  ","873,611.  ","4,039,706,080.  ","28,400,000.  ",.03  ,-.1  ,-.09  ,-.05  ,-.1  
,"4,625.  ","4,635.  ","4,575.  ","4,590.  ","684,421.  ","3,148,282,425.  ","28,400,000.  ",.01  ,-.11  ,-.09  ,-.05  ,-.11  
,"4,625.  ","4,630.  ","4,550.  ","4,565.  ","832,997.  ","3,814,258,545.  ","28,400,000.  ",.  ,-.11  ,-.09  ,-.06  ,-.11  
,"4,580.  ","4,580.  ","4,510.  ","4,540.  ","703,601.  ","3,182,652,540.  ","28,400,000.  ",.  ,-.12  ,-.09  ,-.06  ,-.12  
,"4,540.  ","4,545.  ","4,500.  ","4,530.  ","859,159.  ","3,874,957,070.  ","28,400,000.  ",-.01  ,-.12  ,-.09  ,-.06  ,-.12  
,"4,495.  ","4,515.  ","4,470.  ","4,510.  ","661,697.  ","2,980,901,795.  ","28,400,000.  ",-.03  ,-.12  ,-.08  ,-.07  ,-.12  
,"4,520.  ","4,525.  ","4,470.  ","4,475.  ","910,188.  ","4,090,171,090.  ","28,400,000.  ",-.05  ,-.13  ,-.09  ,-.08  ,-.13  
,"4,495.  ","4,535.  ","4,480.  ","4,530.  ","872,379.  ","3,928,316,765.  ","28,400,000.  ",-.04  ,-.12  ,-.09  ,-.06  ,-.12  
,"4,530.  ","4,580.  ","4,530.  ","4,570.  ","747,150.  ","3,406,132,005.  ","28,400,000.  ",-.03  ,-.11  ,-.08  ,-.06  ,-.11  
,"4,570.  ","4,600.  ","4,555.  ","4,570.  ","809,201.  ","3,711,095,865.  ","28,350,000.  ",-.03  ,-.1  ,-.09  ,-.06  ,-.11  
,"4,595.  ","4,605.  ","4,575.  ","4,580.  ","644,186.  ","2,959,965,555.  ","28,350,000.  ",-.02  ,-.1  ,-.09  ,-.05  ,-.11  
,"4,580.  ","4,595.  ","4,525.  ","4,535.  ","877,012.  ","4,003,950,240.  ","28,650,000.  ",-.03  ,-.1  ,-.1  ,-.06  ,-.12  
,"4,545.  ","4,585.  ","4,540.  ","4,580.  ","909,101.  ","4,160,146,860.  ","28,650,000.  ",-.02  ,-.08  ,-.08  ,-.05  ,-.11  
,"4,585.  ","4,615.  ","4,580.  ","4,615.  ","1,082,904.  ","4,991,562,745.  ","28,650,000.  ",.  ,-.07  ,-.08  ,-.05  ,-.1  
,"4,610.  ","4,635.  ","4,610.  ","4,635.  ","1,032,400.  ","4,775,429,520.  ","28,750,000.  ",.02  ,-.06  ,-.07  ,-.04  ,-.1  
,"4,640.  ","4,650.  ","4,630.  ","4,640.  ","941,117.  ","4,366,302,745.  ","28,950,000.  ",.02  ,-.06  ,-.07  ,-.04  ,-.1  
,"4,640.  ","4,650.  ","4,620.  ","4,635.  ","917,772.  ","4,257,717,910.  ","29,250,000.  ",.02  ,-.05  ,-.07  ,-.04  ,-.1  
,"4,635.  ","4,640.  ","4,530.  ","4,580.  ","1,336,975.  ","6,113,967,960.  ","29,600,000.  ",.04  ,-.06  ,-.08  ,-.05  ,-.11  
,"4,595.  ","4,595.  ","4,570.  ","4,595.  ","1,052,020.  ","4,822,545,705.  ","29,700,000.  ",.02  ,-.07  ,-.08  ,-.05  ,-.11  
,"4,590.  ","4,590.  ","4,545.  ","4,585.  ","430,591.  ","1,963,957,495.  ","30,300,000.  ",.  ,-.08  ,-.09  ,-.05  ,-.11  
,"4,545.  ","4,550.  ","4,520.  ","4,530.  ","360,885.  ","1,634,670,425.  ","30,300,000.  ",-.01  ,-.09  ,-.09  ,-.06  ,-.12  
,"4,545.  ","4,550.  ","4,530.  ","4,540.  ","146,054.  ","662,606,910.  ","30,300,000.  ",.  ,-.09  ,-.09  ,-.05  ,-.12  
,"4,535.  ","4,550.  ","4,530.  ","4,545.  ","326,957.  ","1,484,278,615.  ","30,300,000.  ",.  ,-.08  ,-.09  ,-.05  ,-.11  
,"4,550.  ","4,550.  ","4,520.  ","4,535.  ","310,840.  ","1,408,081,055.  ","30,750,000.  ",.01  ,-.09  ,-.1  ,-.06  ,-.12  
,"4,535.  ","4,535.  ","4,495.  ","4,500.  ","599,426.  ","2,702,517,890.  ","30,750,000.  ",.01  ,-.09  ,-.11  ,-.06  ,-.12  
,"4,505.  ","4,530.  ","4,485.  ","4,530.  ","379,769.  ","1,709,505,315.  ","30,800,000.  ",.02  ,-.08  ,-.11  ,-.06  ,-.12  
,"4,535.  ","4,535.  ","4,510.  ","4,515.  ","490,603.  ","2,216,536,610.  ","30,950,000.  ",.02  ,-.08  ,-.11  ,-.06  ,-.12  
,"4,515.  ","4,520.  ","4,500.  ","4,515.  ","495,262.  ","2,233,164,860.  ","31,550,000.  ",.  ,-.08  ,-.11  ,-.06  ,-.12  
,"4,515.  ","4,535.  ","4,510.  ","4,535.  ","568,747.  ","2,572,037,930.  ","31,550,000.  ",.  ,-.07  ,-.11  ,-.06  ,-.12  
,"4,535.  ","4,535.  ","4,495.  ","4,535.  ","1,283,734.  ","5,786,781,140.  ","31,650,000.  ",.01  ,-.05  ,-.13  ,-.06  ,-.12  
,"4,530.  ","4,530.  ","4,495.  ","4,505.  ","850,798.  ","3,832,725,115.  ","31,700,000.  ",-.02  ,-.05  ,-.09  ,-.06  ,-.12  
,"4,520.  ","4,530.  ","4,505.  ","4,530.  ","611,529.  ","2,760,640,875.  ","31,700,000.  ",-.01  ,-.04  ,-.12  ,-.06  ,-.12  
,"4,540.  ","4,565.  ","4,525.  ","4,550.  ","915,431.  ","4,169,693,985.  ","32,050,000.  ",-.01  ,-.04  ,-.08  ,-.05  ,-.11  
,"4,550.  ","4,595.  ","4,540.  ","4,590.  ","916,887.  ","4,198,201,105.  ","32,350,000.  ",.  ,-.02  ,-.1  ,-.04  ,-.11  
,"4,585.  ","4,605.  ","4,570.  ","4,600.  ","1,007,835.  ","4,625,314,180.  ","32,500,000.  ",.  ,-.01  ,-.1  ,-.04  ,-.1  
,"4,595.  ","4,605.  ","4,565.  ","4,605.  ","933,217.  ","4,290,701,945.  ","32,600,000.  ",.01  ,-.01  ,-.09  ,-.04  ,-.1  
,"4,610.  ","4,610.  ","4,590.  ","4,605.  ","1,271,737.  ","5,846,323,090.  ","32,700,000.  ",.01  ,.01  ,-.09  ,-.04  ,-.1  
,"4,610.  ","4,610.  ","4,585.  ","4,595.  ","856,345.  ","3,934,440,355.  ","32,800,000.  ",.01  ,.03  ,-.11  ,-.04  ,-.11  
,"4,565.  ","4,575.  ","4,530.  ","4,565.  ","841,781.  ","3,824,851,680.  ","34,450,000.  ",.01  ,.02  ,-.1  ,-.04  ,-.11  
,"4,565.  ","4,575.  ","4,560.  ","4,575.  ","759,196.  ","3,467,754,335.  ","34,450,000.  ",.02  ,.03  ,-.1  ,-.04  ,-.11  
,"4,575.  ","4,630.  ","4,575.  ","4,620.  ","867,589.  ","4,000,233,195.  ","34,450,000.  ",.03  ,.03  ,-.09  ,-.03  ,-.1  
,"4,635.  ","4,650.  ","4,630.  ","4,650.  ","870,781.  ","4,041,782,835.  ","34,550,000.  ",.03  ,.03  ,-.08  ,-.02  ,-.09  
,"4,655.  ","4,675.  ","4,650.  ","4,675.  ","1,365,762.  ","6,376,507,030.  ","34,850,000.  ",.04  ,.02  ,-.08  ,-.02  ,-.09  
,"4,695.  ","4,720.  ","4,680.  ","4,715.  ","1,749,303.  ","8,230,977,125.  ","34,950,000.  ",.06  ,.02  ,-.06  ,-.01  ,-.08  
,"4,720.  ","4,765.  ","4,710.  ","4,765.  ","1,362,508.  ","6,461,938,845.  ","35,150,000.  ",.06  ,.03  ,-.05  ,.  ,-.07  
,"4,765.  ","4,790.  ","4,750.  ","4,765.  ","1,006,042.  ","4,801,822,180.  ","35,950,000.  ",.06  ,.02  ,-.06  ,.  ,-.07  
,"4,765.  ","4,775.  ","4,745.  ","4,750.  ","608,621.  ","2,896,699,235.  ","37,100,000.  ",.06  ,.02  ,-.06  ,.  ,-.07  
,"4,765.  ","4,775.  ","4,745.  ","4,775.  ","977,329.  ","4,659,051,940.  ","37,350,000.  ",.06  ,.03  ,-.06  ,.  ,-.07  
,"4,780.  ","4,790.  ","4,770.  ","4,785.  ","559,381.  ","2,672,238,365.  ","38,150,000.  ",.06  ,.04  ,-.06  ,.  ,-.07  
,"4,780.  ","4,785.  ","4,755.  ","4,755.  ","1,094,889.  ","5,223,156,810.  ","38,200,000.  ",.06  ,.03  ,-.07  ,.  ,-.07  
,"4,760.  ","4,805.  ","4,760.  ","4,805.  ","832,396.  ","3,987,932,574.  ","38,650,000.  ",.07  ,.06  ,-.05  ,.01  ,-.06  
,"4,805.  ","4,820.  ","4,805.  ","4,820.  ","710,598.  ","3,419,807,172.  ","38,900,000.  ",.07  ,.08  ,-.05  ,.01  ,-.06  
,"4,820.  ","4,870.  ","4,815.  ","4,870.  ","891,919.  ","4,320,999,370.  ","39,500,000.  ",.07  ,.09  ,-.04  ,.01  ,-.05  
,"4,870.  ","4,885.  ","4,805.  ","4,810.  ","889,774.  ","4,315,445,643.  ","39,950,000.  ",.05  ,.08  ,-.05  ,.  ,-.06  
,"4,815.  ","4,815.  ","4,780.  ","4,805.  ","743,638.  ","3,566,981,844.  ","40,350,000.  ",.05  ,.08  ,-.05  ,.  ,-.06  
,"4,780.  ","4,780.  ","4,725.  ","4,750.  ","860,401.  ","4,084,873,066.  ","41,300,000.  ",.04  ,.05  ,-.06  ,-.02  ,-.07  
,"4,760.  ","4,760.  ","4,685.  ","4,705.  ","1,098,337.  ","5,171,169,790.  ","41,650,000.  ",.03  ,.03  ,-.07  ,-.03  ,-.08  
,"4,675.  ","4,675.  ","4,635.  ","4,660.  ","574,866.  ","2,672,483,224.  ","43,450,000.  ",.03  ,.04  ,-.07  ,-.03  ,-.09  
,"4,660.  ","4,665.  ","4,640.  ","4,655.  ","287,685.  ","1,338,177,202.  ","43,450,000.  ",.03  ,.04  ,-.07  ,-.03  ,-.09  
,"4,660.  ","4,670.  ","4,650.  ","4,670.  ","354,947.  ","1,654,578,186.  ","43,450,000.  ",.02  ,.05  ,-.07  ,-.02  ,-.09  
,"4,680.  ","4,715.  ","4,675.  ","4,710.  ","638,922.  ","3,004,839,233.  ","43,450,000.  ",.02  ,.06  ,-.06  ,.  ,-.08  
,"4,725.  ","4,745.  ","4,710.  ","4,740.  ","656,861.  ","3,108,834,918.  ","43,450,000.  ",.02  ,.08  ,-.06  ,.  ,-.08  
,"4,745.  ","4,770.  ","4,740.  ","4,750.  ","564,991.  ","2,683,291,754.  ","43,500,000.  ",.01  ,.09  ,-.06  ,.  ,-.07  
,"4,750.  ","4,750.  ","4,710.  ","4,725.  ","530,096.  ","2,501,934,154.  ","43,650,000.  ",.  ,.08  ,-.06  ,-.01  ,-.08  
,"4,750.  ","4,750.  ","4,725.  ","4,745.  ","532,131.  ","2,522,532,927.  ","43,900,000.  ",.  ,.06  ,-.05  ,-.01  ,-.08  
,"4,745.  ","4,750.  ","4,730.  ","4,740.  ","630,965.  ","2,989,799,998.  ","44,650,000.  ",.01  ,.06  ,-.05  ,-.02  ,-.08  
,"4,745.  ","4,765.  ","4,710.  ","4,710.  ","690,077.  ","3,266,379,915.  ","44,700,000.  ",-.01  ,.05  ,-.06  ,-.02  ,-.08  
,"4,710.  ","4,720.  ","4,685.  ","4,695.  ","451,895.  ","2,122,767,263.  ","44,900,000.  ",-.01  ,.05  ,-.05  ,-.03  ,-.09  
,"4,725.  ","4,725.  ","4,700.  ","4,715.  ","373,514.  ","1,760,685,819.  ","45,200,000.  ",.  ,.05  ,-.05  ,-.03  ,-.08  
,"4,715.  ","4,715.  ","4,655.  ","4,670.  ","696,342.  ","3,259,238,807.  ","45,550,000.  ",-.01  ,.05  ,-.05  ,-.03  ,-.09  
,"4,695.  ","4,705.  ","4,675.  ","4,675.  ","408,210.  ","1,914,998,967.  ","45,650,000.  ",-.02  ,.04  ,-.04  ,-.03  ,-.09  
,"4,695.  ","4,695.  ","4,675.  ","4,690.  ","526,701.  ","2,465,429,928.  ","45,800,000.  ",-.01  ,.05  ,-.03  ,-.03  ,-.09  
,"4,675.  ","4,685.  ","4,640.  ","4,670.  ","741,281.  ","3,459,210,054.  ","46,100,000.  ",-.01  ,.04  ,-.04  ,-.04  ,-.09  
,"4,670.  ","4,670.  ","4,630.  ","4,655.  ","1,054,331.  ","4,896,569,897.  ","46,300,000.  ",-.02  ,.03  ,-.03  ,-.04  ,-.09  
,"4,625.  ","4,625.  ","4,500.  ","4,560.  ","1,291,165.  ","5,869,719,933.  ","46,650,000.  ",-.04  ,.01  ,-.06  ,-.05  ,-.11  
,"4,575.  ","4,600.  ","4,565.  ","4,590.  ","797,631.  ","3,656,431,439.  ","46,950,000.  ",-.04  ,.01  ,-.04  ,-.04  ,-.11  
,"4,555.  ","4,570.  ","4,495.  ","4,555.  ","1,215,227.  ","5,496,954,951.  ","47,200,000.  ",-.05  ,.02  ,-.04  ,-.04  ,-.11  
,"4,605.  ","4,640.  ","4,595.  ","4,625.  ","760,865.  ","3,509,253,016.  ","47,350,000.  ",-.03  ,.03  ,-.04  ,-.03  ,-.1  
,"4,575.  ","4,625.  ","4,575.  ","4,625.  ","1,046,700.  ","4,813,644,100.  ","48,300,000.  ",-.02  ,.03  ,-.05  ,-.02  ,-.1  
,"4,595.  ","4,600.  ","4,565.  ","4,595.  ","844,082.  ","3,870,440,185.  ","49,650,000.  ",-.01  ,.04  ,-.05  ,-.02  ,-.11  
,"4,600.  ","4,655.  ","4,595.  ","4,655.  ","848,853.  ","3,928,711,129.  ","49,650,000.  ",.01  ,.05  ,-.04  ,-.01  ,-.09  
,"4,650.  ","4,660.  ","4,635.  ","4,640.  ","588,129.  ","2,730,501,081.  ","49,650,000.  ",.  ,.04  ,-.04  ,.01  ,-.1  
,"4,640.  ","4,670.  ","4,640.  ","4,670.  ","673,974.  ","3,140,239,006.  ","49,900,000.  ",.01  ,.05  ,-.04  ,.01  ,-.09  
,"4,660.  ","4,675.  ","4,655.  ","4,675.  ","529,687.  ","2,472,531,832.  ","50,550,000.  ",.  ,.05  ,-.03  ,.01  ,-.09  
,"4,680.  ","4,715.  ","4,680.  ","4,690.  ","770,563.  ","3,619,009,723.  ","50,650,000.  ",.  ,.06  ,-.03  ,.01  ,-.09  
,"4,690.  ","4,705.  ","4,665.  ","4,670.  ","574,795.  ","2,687,578,707.  ","53,900,000.  ",.  ,.06  ,-.03  ,.  ,-.09  
,"4,685.  ","4,710.  ","4,685.  ","4,710.  ","610,560.  ","2,869,715,400.  ","54,000,000.  ",.  ,.07  ,-.02  ,.01  ,-.08  
,"4,710.  ","4,720.  ","4,695.  ","4,695.  ","774,841.  ","3,646,957,554.  ","54,200,000.  ",.  ,.06  ,-.02  ,.  ,-.09  
,"4,700.  ","4,735.  ","4,700.  ","4,730.  ","549,135.  ","2,592,442,365.  ","54,300,000.  ",.01  ,.07  ,.01  ,.  ,-.08  
,"4,730.  ","4,760.  ","4,720.  ","4,745.  ","707,707.  ","3,358,316,757.  ","54,750,000.  ",.01  ,.07  ,.02  ,.01  ,-.08  
,"4,750.  ","4,760.  ","4,745.  ","4,760.  ","682,200.  ","3,242,718,013.  ","54,950,000.  ",.02  ,.07  ,.02  ,.01  ,-.07  
,"4,765.  ","4,800.  ","4,760.  ","4,800.  ","573,800.  ","2,747,513,278.  ","54,950,000.  ",.04  ,.08  ,.03  ,.02  ,-.07  
,"4,800.  ","4,830.  ","4,790.  ","4,820.  ","955,372.  ","4,597,888,620.  ","54,950,000.  ",.04  ,.09  ,.04  ,.02  ,-.06  
,"4,825.  ","4,840.  ","4,785.  ","4,800.  ","1,160,151.  ","5,575,782,314.  ","55,550,000.  ",.06  ,.07  ,.05  ,.01  ,-.07  
,"4,800.  ","4,810.  ","4,790.  ","4,805.  ","640,443.  ","3,075,097,886.  ","55,600,000.  ",.05  ,.07  ,.06  ,.01  ,-.06  
,"4,810.  ","4,815.  ","4,790.  ","4,800.  ","679,457.  ","3,264,905,398.  ","56,150,000.  ",.06  ,.07  ,.06  ,-.01  ,-.07  
,"4,800.  ","4,805.  ","4,775.  ","4,800.  ","1,133,787.  ","5,433,243,682.  ","56,750,000.  ",.05  ,.07  ,.1  ,-.01  ,-.07  
,"4,805.  ","4,810.  ","4,775.  ","4,805.  ","1,314,256.  ","6,290,802,947.  ","57,500,000.  ",.05  ,.07  ,.08  ,-.01  ,-.06  
,"4,770.  ","4,770.  ","4,735.  ","4,740.  ","853,666.  ","4,051,756,906.  ","58,300,000.  ",.04  ,.06  ,.09  ,-.01  ,-.08  
,"4,750.  ","4,750.  ","4,715.  ","4,720.  ","539,168.  ","2,547,145,220.  ","58,300,000.  ",.02  ,.06  ,.08  ,-.02  ,-.08  
,"4,725.  ","4,735.  ","4,715.  ","4,735.  ","442,231.  ","2,089,519,736.  ","58,300,000.  ",.03  ,.06  ,.08  ,-.02  ,-.08  
,"4,745.  ","4,755.  ","4,720.  ","4,725.  ","580,798.  ","2,747,618,109.  ","58,650,000.  ",.02  ,.03  ,.06  ,-.02  ,-.08  
,"4,725.  ","4,735.  ","4,720.  ","4,735.  ","851,650.  ","4,026,631,918.  ","58,800,000.  ",.02  ,.03  ,.05  ,-.02  ,-.08  
,"4,735.  ","4,745.  ","4,730.  ","4,735.  ","703,815.  ","3,333,753,534.  ","59,050,000.  ",.02  ,.02  ,.05  ,-.01  ,-.08  
,"4,735.  ","4,740.  ","4,710.  ","4,715.  ","590,427.  ","2,788,684,476.  ","59,150,000.  ",.02  ,.01  ,.04  ,-.02  ,-.08  
,"4,720.  ","4,730.  ","4,710.  ","4,730.  ","372,922.  ","1,760,884,898.  ","59,450,000.  ",.01  ,.02  ,.04  ,-.01  ,-.08  
,"4,730.  ","4,750.  ","4,725.  ","4,735.  ","588,245.  ","2,787,284,051.  ","59,650,000.  ",.01  ,.01  ,.05  ,-.01  ,-.08  
,"4,735.  ","4,750.  ","4,705.  ","4,720.  ","846,848.  ","3,999,889,417.  ","59,750,000.  ",.01  ,.01  ,.05  ,-.02  ,-.08  
,"4,730.  ","4,730.  ","4,705.  ","4,715.  ","740,156.  ","3,487,336,989.  ","59,800,000.  ",.  ,.01  ,.04  ,-.02  ,-.08  
,"4,720.  ","4,735.  ","4,715.  ","4,725.  ","695,589.  ","3,287,076,465.  ","60,000,000.  ",.  ,.02  ,.05  ,-.02  ,-.08  
,"4,730.  ","4,735.  ","4,720.  ","4,730.  ","780,747.  ","3,690,779,426.  ","60,000,000.  ",-.01  ,.02  ,.05  ,-.01  ,-.08  
,"4,735.  ","4,740.  ","4,725.  ","4,735.  ","1,065,439.  ","5,041,135,104.  ","60,250,000.  ",-.01  ,.01  ,.06  ,-.02  ,-.08  
,"4,750.  ","4,805.  ","4,735.  ","4,770.  ","2,691,319.  ","12,829,087,559.  ","60,450,000.  ",.  ,.02  ,.08  ,-.01  ,-.07  
,"4,775.  ","4,780.  ","4,720.  ","4,755.  ","2,686,225.  ","12,725,417,742.  ","61,100,000.  ",-.01  ,.01  ,.09  ,-.02  ,-.07  
,"4,750.  ","4,760.  ","4,740.  ","4,740.  ","1,795,070.  ","8,524,381,413.  ","61,500,000.  ",-.01  ,.01  ,.11  ,-.03  ,-.08  
,"4,750.  ","4,755.  ","4,730.  ","4,750.  ","1,478,486.  ","7,010,837,034.  ","62,800,000.  ",.  ,.01  ,.09  ,-.03  ,-.07  
,"4,755.  ","4,760.  ","4,735.  ","4,750.  ","1,579,778.  ","7,495,479,760.  ","63,050,000.  ",.  ,.02  ,.07  ,-.03  ,-.07  
,"4,725.  ","4,730.  ","4,690.  ","4,700.  ","2,368,640.  ","11,148,704,362.  ","68,950,000.  ",-.01  ,.03  ,.06  ,-.03  ,-.08  
,"4,705.  ","4,710.  ","4,635.  ","4,650.  ","1,686,019.  ","7,863,770,093.  ","68,950,000.  ",-.02  ,.02  ,.06  ,-.04  ,-.09  
,"4,665.  ","4,670.  ","4,600.  ","4,610.  ","1,479,550.  ","6,839,584,889.  ","68,950,000.  ",-.02  ,.01  ,.06  ,-.04  ,-.1  
,"4,615.  ","4,640.  ","4,585.  ","4,615.  ","1,758,135.  ","8,110,383,202.  ","68,950,000.  ",-.02  ,.01  ,.06  ,-.03  ,-.1  
,"4,620.  ","4,645.  ","4,605.  ","4,610.  ","1,724,524.  ","7,972,304,493.  ","68,950,000.  ",-.02  ,.  ,.06  ,-.03  ,-.1  
,"4,620.  ","4,640.  ","4,595.  ","4,625.  ","1,226,648.  ","5,654,213,897.  ","68,950,000.  ",-.01  ,.  ,.07  ,-.02  ,-.1  
,"4,625.  ","4,640.  ","4,595.  ","4,605.  ","1,250,125.  ","5,762,406,609.  ","69,200,000.  ",-.02  ,-.01  ,.08  ,-.02  ,-.1  
,"4,600.  ","4,610.  ","4,585.  ","4,600.  ","983,705.  ","4,523,077,566.  ","71,500,000.  ",-.02  ,.  ,.06  ,-.03  ,-.1  
,"4,605.  ","4,630.  ","4,600.  ","4,625.  ","1,443,154.  ","6,660,140,562.  ","73,050,000.  ",-.01  ,.  ,.06  ,-.03  ,-.1  
,"4,635.  ","4,690.  ","4,625.  ","4,675.  ","1,353,353.  ","6,307,624,754.  ","73,450,000.  ",.02  ,.04  ,.1  ,.01  ,-.09  
,"4,680.  ","4,690.  ","4,655.  ","4,675.  ","950,988.  ","4,444,609,625.  ","73,550,000.  ",-.01  ,.01  ,.07  ,-.02  ,-.09  
,"4,705.  ","4,730.  ","4,695.  ","4,715.  ","1,517,030.  ","7,150,594,748.  ","73,550,000.  ",.01  ,.03  ,.08  ,-.02  ,-.08  
,"4,715.  ","4,715.  ","4,680.  ","4,690.  ","1,291,893.  ","6,058,959,012.  ","73,550,000.  ",.  ,.03  ,.08  ,-.03  ,-.09  
,"4,690.  ","4,700.  ","4,680.  ","4,685.  ","910,864.  ","4,268,438,866.  ","73,550,000.  ",.  ,.02  ,.07  ,-.02  ,-.09  
,"4,685.  ","4,705.  ","4,675.  ","4,705.  ","877,422.  ","4,113,113,288.  ","74,150,000.  ",.  ,.03  ,.07  ,-.01  ,-.08  
,"4,710.  ","4,720.  ","4,700.  ","4,715.  ","975,648.  ","4,591,878,828.  ","74,200,000.  ",.  ,.03  ,.07  ,-.02  ,-.08  
,"4,715.  ","4,725.  ","4,705.  ","4,720.  ","810,157.  ","3,822,330,733.  ","74,350,000.  ",.  ,.04  ,.07  ,-.02  ,-.08  
,"4,715.  ","4,730.  ","4,700.  ","4,730.  ","1,054,187.  ","4,974,373,081.  ","74,650,000.  ",.  ,.06  ,.07  ,-.01  ,-.08  
,"4,730.  ","4,750.  ","4,720.  ","4,735.  ","1,436,414.  ","6,799,995,781.  ","74,950,000.  ",.  ,.05  ,.07  ,-.01  ,-.08  
,"4,740.  ","4,760.  ","4,735.  ","4,760.  ","1,083,150.  ","5,143,638,908.  ","75,150,000.  ",.01  ,.07  ,.09  ,.  ,-.07  
,"4,765.  ","4,765.  ","4,750.  ","4,760.  ","1,142,250.  ","5,436,093,842.  ","75,450,000.  ",.01  ,.05  ,.08  ,.  ,-.07  
,"4,760.  ","4,770.  ","4,740.  ","4,760.  ","1,598,468.  ","7,594,598,478.  ","75,600,000.  ",.01  ,.05  ,.08  ,.  ,-.07  
,"4,725.  ","4,725.  ","4,685.  ","4,700.  ","1,937,153.  ","9,102,155,815.  ","77,050,000.  ",.02  ,.05  ,.09  ,-.01  ,-.08  
,"4,700.  ","4,705.  ","4,665.  ","4,670.  ","1,284,596.  ","6,009,879,277.  ","77,050,000.  ",.01  ,.03  ,.08  ,-.02  ,-.09  
,"4,665.  ","4,670.  ","4,650.  ","4,650.  ","1,214,230.  ","5,658,559,453.  ","77,050,000.  ",.02  ,.02  ,.07  ,-.03  ,-.09  
,"4,650.  ","4,670.  ","4,650.  ","4,665.  ","1,005,330.  ","4,680,424,441.  ","77,150,000.  ",.02  ,.02  ,.08  ,-.03  ,-.09  
,"4,675.  ","4,680.  ","4,655.  ","4,680.  ","1,443,890.  ","6,742,681,767.  ","77,400,000.  ",.02  ,.02  ,.08  ,-.03  ,-.09  
,"4,680.  ","4,680.  ","4,665.  ","4,665.  ","1,408,848.  ","6,580,279,680.  ","77,550,000.  ",.02  ,.02  ,.08  ,-.04  ,-.09  
,"4,660.  ","4,665.  ","4,645.  ","4,655.  ","1,653,103.  ","7,693,993,718.  ","77,700,000.  ",.02  ,.02  ,.08  ,-.04  ,-.09  
,"4,655.  ","4,660.  ","4,650.  ","4,660.  ","907,077.  ","4,221,802,366.  ","79,300,000.  ",.02  ,.01  ,.08  ,-.04  ,-.09  
,"4,660.  ","4,665.  ","4,650.  ","4,660.  ","1,109,463.  ","5,167,276,276.  ","79,750,000.  ",.02  ,.01  ,.07  ,-.04  ,-.09  
,"4,660.  ","4,665.  ","4,650.  ","4,665.  ","942,965.  ","4,389,890,522.  ","79,950,000.  ",.01  ,.01  ,.08  ,-.04  ,-.09  
,"4,665.  ","4,665.  ","4,640.  ","4,650.  ","1,745,803.  ","8,112,606,979.  ","80,000,000.  ",-.01  ,.  ,.07  ,-.04  ,-.09  
,"4,650.  ","4,675.  ","4,645.  ","4,670.  ","1,503,708.  ","7,006,032,659.  ","83,250,000.  ",.  ,.  ,.08  ,-.05  ,-.09  
,"4,670.  ","4,710.  ","4,660.  ","4,690.  ","1,003,564.  ","4,703,858,217.  ","83,450,000.  ",.01  ,.  ,.08  ,-.05  ,-.09  
,"4,690.  ","4,705.  ","4,680.  ","4,705.  ","1,361,162.  ","6,388,744,779.  ","83,750,000.  ",.01  ,.  ,.09  ,-.06  ,-.08  
,"4,695.  ","4,700.  ","4,635.  ","4,635.  ","2,368,479.  ","11,044,088,049.  ","83,900,000.  ",.  ,-.02  ,.08  ,-.07  ,-.1  
,"4,640.  ","4,690.  ","4,635.  ","4,690.  ","1,863,410.  ","8,702,523,331.  ","84,150,000.  ",.  ,-.01  ,.08  ,-.05  ,-.09  
,"4,705.  ","4,725.  ","4,685.  ","4,720.  ","1,446,502.  ","6,816,668,520.  ","84,150,000.  ",.01  ,.  ,.08  ,.  ,-.08  
,"4,715.  ","4,730.  ","4,705.  ","4,720.  ","1,092,517.  ","5,153,109,733.  ","85,050,000.  ",.01  ,.  ,.08  ,-.03  ,-.08  
,"4,725.  ","4,735.  ","4,717.  ","4,730.  ","802,462.  ","3,793,562,681.  ","86,000,000.  ",.01  ,.01  ,.08  ,-.03  ,-.08  
,"4,735.  ","4,750.  ","4,717.  ","4,735.  ","1,583,515.  ","7,494,320,827.  ","86,500,000.  ",.01  ,.01  ,.08  ,-.02  ,-.08  
,"4,740.  ","4,740.  ","4,710.  ","4,735.  ","1,185,649.  ","5,599,019,139.  ","87,650,000.  ",.  ,.01  ,.08  ,-.02  ,-.08  
,"4,735.  ","4,745.  ","4,730.  ","4,735.  ","1,207,162.  ","5,721,176,212.  ","87,650,000.  ",.  ,.01  ,.08  ,-.04  ,-.08  
,"4,710.  ","4,720.  ","4,695.  ","4,700.  ","1,116,901.  ","5,257,083,035.  ","88,150,000.  ",.  ,.01  ,.08  ,-.03  ,-.08  
,"4,705.  ","4,720.  ","4,630.  ","4,660.  ","4,153,872.  ","19,305,072,483.  ","88,150,000.  ",.  ,.  ,.06  ,-.04  ,-.09  
,"4,660.  ","4,660.  ","4,640.  ","4,655.  ","1,832,099.  ","8,514,739,777.  ","88,150,000.  ",.  ,.  ,.05  ,-.04  ,-.09  
,"4,655.  ","4,660.  ","4,640.  ","4,645.  ","1,579,170.  ","7,339,101,514.  ","88,000,000.  ",.  ,.  ,.04  ,-.04  ,-.1  
,"4,650.  ","4,650.  ","4,625.  ","4,650.  ","1,243,888.  ","5,767,337,771.  ","88,600,000.  ",.  ,.  ,.03  ,-.04  ,-.09  
,"4,660.  ","4,660.  ","4,650.  ","4,660.  ","846,080.  ","3,938,914,142.  ","88,850,000.  ",.01  ,.01  ,.02  ,-.03  ,-.09  
,"4,665.  ","4,670.  ","4,645.  ","4,655.  ","1,410,174.  ","6,568,863,589.  ","89,450,000.  ",.01  ,.01  ,.02  ,-.03  ,-.09  
,"4,665.  ","4,680.  ","4,665.  ","4,675.  ","1,144,610.  ","5,345,681,083.  ","92,300,000.  ",.01  ,.01  ,.03  ,-.03  ,-.09  
,"4,675.  ","4,680.  ","4,670.  ","4,680.  ","945,902.  ","4,421,106,113.  ","92,500,000.  ",.01  ,.01  ,.02  ,-.03  ,-.09  
,"4,685.  ","4,690.  ","4,670.  ","4,675.  ","1,004,251.  ","4,694,438,539.  ","92,900,000.  ",.01  ,.01  ,.02  ,-.04  ,-.09  
,"4,675.  ","4,700.  ","4,675.  ","4,700.  ","1,090,350.  ","5,113,284,687.  ","93,250,000.  ",.02  ,.02  ,.03  ,-.03  ,-.08  
,"4,705.  ","4,705.  ","4,690.  ","4,705.  ","708,158.  ","3,326,055,456.  ","93,400,000.  ",.01  ,.02  ,.03  ,-.03  ,-.08  
,"4,705.  ","4,715.  ","4,695.  ","4,710.  ","1,171,661.  ","5,515,823,811.  ","93,700,000.  ",.02  ,.02  ,.02  ,-.03  ,-.08  
,"4,710.  ","4,730.  ","4,710.  ","4,725.  ","1,045,135.  ","4,936,876,115.  ","94,050,000.  ",.03  ,.02  ,.04  ,-.03  ,-.08  
,"4,730.  ","4,735.  ","4,715.  ","4,725.  ","1,187,784.  ","5,609,160,745.  ","94,250,000.  ",.03  ,.02  ,.04  ,-.03  ,-.08  
,"4,725.  ","4,740.  ","4,720.  ","4,725.  ","970,841.  ","4,589,379,251.  ","94,700,000.  ",.01  ,.01  ,.03  ,-.03  ,-.08  
,"4,730.  ","4,750.  ","4,727.  ","4,750.  ","957,687.  ","4,537,609,555.  ","94,950,000.  ",.01  ,.02  ,.03  ,-.02  ,-.07  
,"4,750.  ","4,795.  ","4,745.  ","4,790.  ","1,767,519.  ","8,435,449,289.  ","95,300,000.  ",.02  ,.03  ,.04  ,-.01  ,-.07  
,"4,795.  ","4,810.  ","4,765.  ","4,780.  ","2,118,018.  ","10,140,049,034.  ","95,450,000.  ",.02  ,.03  ,.04  ,-.01  ,-.07  
,"4,785.  ","4,795.  ","4,775.  ","4,795.  ","1,570,012.  ","7,513,686,484.  ","95,550,000.  ",.02  ,.03  ,.04  ,-.01  ,-.07  
,"4,805.  ","4,805.  ","4,780.  ","4,795.  ","1,680,817.  ","8,051,733,193.  ","97,050,000.  ",.02  ,.03  ,.05  ,-.01  ,-.07  
,"4,760.  ","4,780.  ","4,755.  ","4,780.  ","1,259,670.  ","6,006,414,118.  ","99,850,000.  ",.02  ,.04  ,.07  ,-.01  ,-.07  
,"4,780.  ","4,790.  ","4,770.  ","4,780.  ","1,173,704.  ","5,606,791,408.  ","99,850,000.  ",.03  ,.05  ,.07  ,-.01  ,-.07  
,"4,790.  ","4,790.  ","4,760.  ","4,765.  ","1,420,265.  ","6,771,803,512.  ","99,850,000.  ",.03  ,.05  ,.07  ,-.01  ,-.07  
,"4,765.  ","4,775.  ","4,765.  ","4,770.  ","995,728.  ","4,747,136,286.  ","99,350,000.  ",.03  ,.05  ,.07  ,-.01  ,-.07  
,"4,770.  ","4,790.  ","4,765.  ","4,770.  ","1,453,525.  ","6,937,964,039.  ","99,350,000.  ",.03  ,.06  ,.06  ,-.01  ,-.07  
,"4,775.  ","4,775.  ","4,750.  ","4,765.  ","1,293,015.  ","6,150,351,649.  ","99,300,000.  ",.03  ,.05  ,.05  ,-.01  ,-.07  
,"4,765.  ","4,770.  ","4,740.  ","4,740.  ","1,400,664.  ","6,650,052,421.  ","99,200,000.  ",.02  ,.05  ,.05  ,-.02  ,-.08  
,"4,740.  ","4,750.  ","4,700.  ","4,705.  ","1,560,386.  ","7,360,477,614.  ","99,200,000.  ",.02  ,.04  ,.04  ,-.02  ,-.08  
,"4,715.  ","4,720.  ","4,700.  ","4,720.  ","1,087,938.  ","5,126,921,543.  ","99,200,000.  ",.02  ,.04  ,.04  ,-.02  ,-.08  
,"4,720.  ","4,750.  ","4,710.  ","4,750.  ","1,149,380.  ","5,437,365,449.  ","99,200,000.  ",.02  ,.04  ,.05  ,-.01  ,-.07  
,"4,760.  ","4,760.  ","4,720.  ","4,740.  ","1,450,602.  ","6,870,393,737.  ","99,400,000.  ",.02  ,.03  ,.05  ,-.01  ,-.08  
,"4,740.  ","4,755.  ","4,730.  ","4,750.  ","1,537,549.  ","7,287,123,327.  ","99,500,000.  ",.02  ,.03  ,.05  ,.  ,-.07  
,"4,750.  ","4,765.  ","4,740.  ","4,760.  ","1,234,200.  ","5,869,943,722.  ","99,650,000.  ",.02  ,.04  ,.06  ,.01  ,-.07  
,"4,770.  ","4,780.  ","4,750.  ","4,775.  ","1,341,560.  ","6,393,197,846.  ","99,900,000.  ",.02  ,.04  ,.07  ,.01  ,-.07  
,"4,775.  ","4,790.  ","4,775.  ","4,790.  ","1,597,026.  ","7,637,053,072.  ","100,250,000.  ",.02  ,.04  ,.07  ,.03  ,-.07  
,"4,795.  ","4,795.  ","4,770.  ","4,785.  ","2,603,796.  ","12,450,726,988.  ","104,800,000.  ",.  ,.03  ,.08  ,.04  ,-.07  
,"4,780.  ","4,785.  ","4,765.  ","4,780.  ","2,547,768.  ","12,165,755,613.  ","105,300,000.  ",.  ,.02  ,.08  ,.03  ,-.07  
,"4,750.  ","4,750.  ","4,730.  ","4,740.  ","1,739,489.  ","8,243,690,082.  ","106,250,000.  ",.  ,.03  ,.07  ,.02  ,-.08  
,"4,740.  ","4,760.  ","4,740.  ","4,750.  ","1,272,159.  ","6,041,068,378.  ","106,250,000.  ",.  ,.04  ,.06  ,.02  ,-.07  
,"4,750.  ","4,765.  ","4,740.  ","4,750.  ","1,918,899.  ","9,114,958,776.  ","106,250,000.  ",.  ,.04  ,.07  ,.02  ,-.07  
,"4,750.  ","4,755.  ","4,730.  ","4,740.  ","1,846,171.  ","8,752,648,645.  ","106,650,000.  ",.  ,.04  ,.06  ,.02  ,-.08  
,"4,745.  ","4,755.  ","4,735.  ","4,745.  ","1,516,028.  ","7,194,057,893.  ","106,750,000.  ",.  ,.03  ,.06  ,.02  ,-.08  
,"4,750.  ","4,755.  ","4,740.  ","4,745.  ","1,830,527.  ","8,691,755,343.  ","107,150,000.  ",.  ,.04  ,.05  ,.02  ,-.08  
,"4,760.  ","4,760.  ","4,740.  ","4,750.  ","1,023,066.  ","4,855,212,339.  ","107,400,000.  ",.01  ,.04  ,.06  ,.03  ,-.07  
,"4,750.  ","4,755.  ","4,740.  ","4,755.  ","1,485,758.  ","7,056,672,330.  ","107,450,000.  ",.02  ,.04  ,.05  ,.04  ,-.07  
,"4,760.  ","4,770.  ","4,755.  ","4,765.  ","1,354,449.  ","6,449,126,382.  ","107,700,000.  ",.02  ,.04  ,.06  ,.04  ,-.07  
,"4,765.  ","4,785.  ","4,765.  ","4,775.  ","1,677,524.  ","8,004,100,662.  ","107,850,000.  ",.01  ,.04  ,.05  ,.06  ,-.07  
,"4,775.  ","4,775.  ","4,755.  ","4,775.  ","1,439,524.  ","6,866,537,521.  ","108,000,000.  ",.01  ,.05  ,.05  ,.07  ,-.07  
,"4,775.  ","4,785.  ","4,775.  ","4,785.  ","1,088,843.  ","5,205,684,391.  ","108,200,000.  ",.01  ,.04  ,.05  ,.06  ,-.07  
,"4,785.  ","4,805.  ","4,780.  ","4,800.  ","1,696,027.  ","8,123,680,548.  ","108,300,000.  ",.01  ,.04  ,.04  ,.07  ,-.07  
,"4,800.  ","4,805.  ","4,775.  ","4,780.  ","1,960,772.  ","9,387,080,842.  ","108,550,000.  ",.01  ,.04  ,.04  ,.06  ,-.07  
,"4,780.  ","4,785.  ","4,765.  ","4,770.  ","1,719,385.  ","8,203,515,126.  ","108,600,000.  ",.  ,.04  ,.04  ,.07  ,-.07  
,"4,770.  ","4,775.  ","4,760.  ","4,770.  ","1,358,526.  ","6,476,284,615.  ","108,700,000.  ",.  ,.04  ,.03  ,.08  ,-.07  
,"4,775.  ","4,780.  ","4,740.  ","4,755.  ","2,108,684.  ","10,026,141,803.  ","108,750,000.  ",.  ,.03  ,.03  ,.07  ,-.07  
,"4,765.  ","4,780.  ","4,760.  ","4,775.  ","1,534,050.  ","7,316,190,356.  ","108,800,000.  ",.  ,.03  ,.03  ,.08  ,-.07  
,"4,775.  ","4,775.  ","4,755.  ","4,775.  ","2,023,623.  ","9,639,126,788.  ","108,800,000.  ",.  ,.03  ,.04  ,.09  ,-.07  
,"4,780.  ","4,800.  ","4,780.  ","4,795.  ","1,254,962.  ","6,013,794,574.  ","112,100,000.  ",.01  ,.03  ,.04  ,.1  ,-.07  
,"4,795.  ","4,810.  ","4,795.  ","4,810.  ","1,532,297.  ","7,363,141,155.  ","112,100,000.  ",.01  ,.04  ,.04  ,.12  ,-.06  
,"4,815.  ","4,820.  ","4,800.  ","4,820.  ","1,910,057.  ","9,187,486,978.  ","112,150,000.  ",.01  ,.04  ,.05  ,.15  ,-.06  
,"4,800.  ","4,800.  ","4,780.  ","4,800.  ","1,382,427.  ","6,618,759,742.  ","113,850,000.  ",.02  ,.04  ,.05  ,.14  ,-.07  
,"4,790.  ","4,800.  ","4,767.  ","4,770.  ","2,368,374.  ","11,308,397,198.  ","113,850,000.  ",.01  ,.04  ,.05  ,.14  ,-.07  
,"4,775.  ","4,780.  ","4,760.  ","4,775.  ","1,406,380.  ","6,708,281,793.  ","113,850,000.  ",.01  ,.04  ,.05  ,.13  ,-.07  
,"4,780.  ","4,785.  ","4,760.  ","4,760.  ","2,290,437.  ","10,927,096,353.  ","113,500,000.  ",.01  ,.04  ,.05  ,.12  ,-.07  
,"4,765.  ","4,790.  ","4,760.  ","4,785.  ","1,395,460.  ","6,664,031,128.  ","113,250,000.  ",.02  ,.05  ,.05  ,.11  ,-.07  
,"4,790.  ","4,800.  ","4,780.  ","4,790.  ","1,165,950.  ","5,584,712,171.  ","110,600,000.  ",.02  ,.05  ,.05  ,.1  ,-.07  
,"4,790.  ","4,790.  ","4,765.  ","4,785.  ","1,166,222.  ","5,575,011,957.  ","110,200,000.  ",.01  ,.05  ,.05  ,.1  ,-.07  
,,,,,,,,,,,,
