year,month,code, NI , Dep , gain_on_disposition , loss_of_disposition , gain_on_appreciation , loss_of_appreciation , gain_on_others , looss_of_others , FFO ,,,code,, dividend , dps ,
2011,10,140890," 630,798,649 "," 688,755,522 ",,,,,,," 1,319,554,171 ",,,140890,," 1,279,000,000 ", 132 ,
2012,4,140890," 881,246,303 "," 688,755,522 ",,,,,,," 1,570,001,825 ", 0.1897971751 ,,140890,," 1,529,000,000 ", 157 ,
2012,10,140890," 620,039,259 "," 688,755,522 ",,,,,,," 1,308,794,781 ",-0.1663737200 ,-0.0081538070 ,140890,," 1,268,000,000 ", 131 ,
2013,4,140890," 879,757,773 "," 688,755,522 ",,,,,,," 1,568,513,295 ", 0.1984409762 ,-0.0009481072 ,140890,," 1,528,000,000 ", 158 ,
2013,10,140890," 955,560,173 "," 688,755,522 ",,,,,,," 1,644,315,695 ", 0.0483275470 , 0.2563586888 ,140890,," 1,599,000,000 ", 165 ,
2014,4,140890," 910,448,488 "," 688,755,522 ",,,,,,," 1,599,204,010 ",-0.0274349294 , 0.0195667548 ,140890,," 1,558,000,000 ", 161 ,
2014,10,140890," 967,847,758 "," 688,755,522 ",,,,,,," 1,656,603,280 ", 0.0358924000 , 0.0074727651 ,140890,," 1,656,000,000 ", 171 ,
2015,4,140890," 918,669,441 "," 688,755,522 ",,,,,,," 1,607,424,963 ",-0.0296862366 , 0.0051406531 ,140890,," 1,027,000,000 ", 106 ,
2015,10,140890," 329,455,400 "," 688,755,522 ",,,,,,," 1,018,210,922 ",-0.3665577271 ,-0.3853622444 ,140890,," 329,000,000 ", 34 ,
2016,4,140890,"-533,851,594 "," 688,755,522 ",,,,,,," 154,903,928 ",-0.8478665622 ,-0.9036322494 ,140890,, - , - ,
2016,10,140890,"-126,609,801 "," 688,755,522 ",,,,,,," 562,145,721 ", 2.6289959090 ,-0.4479083765 ,140890,, - , - ,
2017,4,140890," 104,084,697 "," 688,755,522 ",,,,,,," 792,840,219 ", 0.4103820226 , 4.1182705903 ,140890,, - , - ,
2017,10,140890," 253,523,619 "," 688,755,522 ",,,,,,," 942,279,141 ", 0.1884855465 , 0.6762186490 ,140890,, - , - ,
2018,4,140890,"-177,185,894 "," 688,755,522 ",,,,,,," 511,569,628 ",-0.4570933328 ,-0.3547632729 ,140890,, - , - ,
2018,10,140890," 226,352,080 "," 688,755,522 ",,,,,,," 915,107,602 ", 0.7888231668 ,-0.0288359763 ,140890,7년 존속 기업, - , - ,
2019,3,293940," 5,074,884,870 "," 3,101,844,000 ",,,,,,," 8,176,728,870 ", 7.9352649373 , 14.9836089214 ,293940,," 8,169,000,000 ", 137 ,
2019,9,293940," 3,017,252,127 "," 3,115,400,000 ",,,,,,," 6,132,652,127 ",-0.2499871006 , 5.7015639621 ,293940,," 8,324,000,000 ", 140 ,
2020,3,293940," 5,722,267,683 "," 3,170,973,000 ",,,,,,," 8,893,240,683 ", 0.4501459562 , 0.0876281731 ,293940,," 8,797,000,000 ", 150 ,
2020,9,293940," 2,691,556,650 "," 3,902,637,000 ",,,,,,," 6,594,193,650 ",-0.2585162277 , 0.0752596941 ,293940,," 9,654,000,000 ", 153 ,
2021,3,293940," 5,808,946,292 "," 5,314,358,000 ",,,,,,," 11,123,304,292 ", 0.6868331266 , 0.2507593900 ,293940,," 10,226,000,000 ", 164 ,
2021,9,293940," 1,712,400,473 "," 5,608,031,000 ",,,,,,," 7,320,431,473 ",-0.3418833756 , 0.1101329232 ,293940,"세금과공과++, 기타수익++, 이자비용++  --> 실제 부담하는 NI 성격으로 제거가 적절치 않다고 판단"," 10,918,000,000 ", 177 ,
2022,3,293940," 4,810,675,706 "," 6,370,565,000 ",,,,,,," 11,181,240,706 ", 0.5274018679 , 0.0052085615 ,293940,," 11,712,000,000 ", 192 ,
2022,9,293940," 4,291,483,730 "," 6,547,768,000 ",,,,,,," 10,839,251,730 ",-0.0305859596 , 0.4806848162 ,293940,," 16,049,000,000 ", 195 ,
2023,3,293940," 8,571,385,794 "," 6,567,607,000 ",,,,,,," 15,138,992,794 ", 0.3966824621 , 0.3539635888 ,293940,," 15,672,000,000 ", 190 ,
2023,9,293940," 6,900,041,199 "," 6,360,644,000 ",,,,,,," 13,260,685,199 ",-0.1240708428 , 0.2233948919 ,293940,," 18,039,000,000 ", 186 ,
2024,3,293940," 7,767,742,820 "," 6,169,328,000 ",,,,,,," 13,937,070,820 ", 0.0510068379 ,-0.0793924662 ,293940,," 58,212,000,000 ", 642 ,
2024,9,293940," 3,115,415,132 "," 6,572,613,000 ",,,," 230,126,000 ",,," 9,918,154,132 ",-0.2883616464 ,-0.2520632242 ,293940,금융비용++++," 17,070,000,000 ", 175 ,
2025,3,293940," 9,784,917,968 "," 7,358,198,000 ",,,,,,," 17,143,115,968 ", 0.7284583139 , 0.2300372287 ,293940,," 22,567,000,000 ", 173 ,
2019,12,330590," 10,581,368,427 "," 6,006,502,000 ", - , - ,,,,," 16,587,870,427 ",-0.0323888342 , 0.6724755641 ,330590,," 16,588,000,000 ", 96 ,
2020,6,330590," 15,547,730,007 "," 12,229,863,000 ", - , - ,,,,," 27,777,593,007 ", 0.6745725818 , 0.6203351280 ,330590,," 27,778,000,000 ", 161 ,
2020,12,330590," 15,613,436,889 "," 12,224,577,000 ", - , - ,,,,," 27,838,013,889 ", 0.0021751662 , 0.6782150555 ,330590,," 27,838,000,000 ", 161 ,
2021,6,330590," 16,978,460,612 "," 16,978,754,000 ", - , - ,,,,," 33,957,214,612 ", 0.2198145582 , 0.2224678576 ,330590,," 33,957,000,000 ", 139 ,
2021,12,330590," 18,405,981,757 "," 20,402,327,000 ", - , - ,,,,," 38,808,308,757 ", 0.1428590124 , 0.3940760613 ,330590,," 38,808,000,000 ", 159 ,
2022,6,330590," 19,028,588,290 "," 20,662,515,000 ", - , - ,,,,," 39,691,103,290 ", 0.0227475652 , 0.1688562723 ,330590,," 39,691,000,000 ", 163 ,
2022,12,330590," 14,114,824,803 "," 20,662,515,000 ", - , - ,,,,," 34,777,339,803 ",-0.1238001234 ,-0.1038687096 ,330590,," 34,777,000,000 ", 143 ,
2023,6,330590," 5,865,520,288 "," 20,662,515,000 ", - , - ,,,,," 26,528,035,288 ",-0.2372034365 ,-0.3316377453 ,330590,금융비용++++," 26,528,000,000 ", 109 ,
2023,12,330590," 3,177,878,339 "," 20,056,320,000 ", - , - ,,,,," 23,234,198,339 ",-0.1241643760 ,-0.3319155959 ,330590,," 23,234,000,000 ", 95 ,
2024,6,330590," 5,841,464,604 "," 19,226,790,000 ", - , - ,,,,," 25,068,254,604 ", 0.0789377898 ,-0.0550278476 ,330590,증가한 금융비용 부담이 유지됨," 25,026,000,000 ", 103 ,
2024,12,330590," 10,613,567,528 "," 19,597,700,000 ", - , - ,,,,," 30,211,267,528 ", 0.2051603913 , 0.3002930890 ,330590,"기타수익++, 임대수익++ --> 적정한듯"," 32,365,000,000 ", 112 ,
2025,6,330590," 16,546,765,792 "," 19,645,368,000 ", - , - ,,,,," 36,192,133,792 ", 0.1979680680 , 0.4437436656 ,330590,," 33,809,000,000 ", 117 ,
2020,8,334890," 20,524,310,609 ", - , - , - ," 19,723,110,000 ", - ,,," 801,200,609 ",-0.9778625761 ,-0.9734800730 ,334890,," 872,944,262 ", 36 ,
2021,2,334890," 2,744,775,190 ", - , - , - , - ," 901,072,000 ",,," 3,645,847,190 ", 3.5504798037 ,-0.8992640995 ,334890,," 3,624,000,000 ", 151 ,
2021,8,334890," 22,252,694,832 ", - , - , - ," 19,499,832,000 ", - ,,," 2,752,862,832 ",-0.2449319216 , 2.4359220413 ,334890,," 3,648,000,000 ", 152 ,
2022,2,334890," 4,971,321,940 ", - , - , - ," 3,726,125,000 "," 614,676,000 ",,," 1,859,872,940 ",-0.3243859017 ,-0.4898653610 ,334890,," 4,693,000,000 ", 152 ,
2022,8,334890," 45,007,641,766 ", - , - , - ," 41,912,838,000 "," 1,905,787 ",,," 3,096,709,553 ", 0.6650113491 , 0.1249051413 ,334890,," 5,585,000,000 ", 152 ,
2023,2,334890," 31,673,918,022 ", - , - , - ," 34,071,853,000 "," 9,783,788,000 ",,," 7,385,853,022 ", 1.3850648230 , 2.9711599987 ,334890,"금융비용++++, 평가이익++"," 7,823,000,000 ", 213 ,
2023,8,334890," 34,239,363,620 ", - , - , - ," 39,032,735,000 "," 12,113,652,000 ",,," 7,320,280,620 ",-0.0088781082 , 1.3638899596 ,334890,배당수익++," 10,339,000,000 ", 201 ,
2024,2,334890," 29,482,591,484 ", - , - , - ," 32,510,422,000 "," 6,311,258,000 ",,," 3,283,427,484 ",-0.5514615280 ,-0.5554437011 ,334890,"배당수익--,"," 10,839,000,000 ", 211 ,
2024,8,334890,"-2,312,328,925 ", - , - ," 1,790,067,000 "," 2,745,452,000 "," 4,898,469,000 ",," 2,898,595,000 "," 4,529,350,075 ", 0.3794579284 ,-0.3812600486 ,334890,"처분이익, 수수료 등 조정"," 31,480,000,000 ", 612 ,
2025,2,334890,"-2,064,498,917 ", - , - , - ," 1,942,516,000 "," 12,137,589,000 "," 58,547,405 ",," 8,072,026,678 ", 0.7821600328 , 1.4584147868 ,334890,배당수익++++," 8,891,000,000 ", 173 ,
2020,5,338100," 2,499,803,195 ",,,," 125,645,539 ",,,," 2,374,157,656 ",-0.7058783685 ,-0.4758281836 ,338100,," 2,370,000,000 ", 127 ,
2020,11,338100," 2,731,823,824 ",,,," 513,520,564 ",,,," 2,218,303,260 ",-0.0656461864 ,-0.7251863319 ,338100,," 2,221,000,000 ", 119 ,
2021,5,338100," 2,006,501,716 ",,,," 88,154,684 "," 416,078,616 ",,," 2,334,425,648 ", 0.0523473910 ,-0.0167352020 ,338100,," 2,333,000,000 ", 125 ,
2021,11,338100," 3,874,286,268 ",,,," 1,569,675,494 ",,,," 2,304,610,774 ",-0.0127718242 , 0.0389069951 ,338100,," 2,295,000,000 ", 123 ,
2022,5,338100," 2,318,916,515 ",,,," 269,954,430 "," 10,926,930 ",,," 2,059,889,015 ",-0.1061878916 ,-0.1176035027 ,338100,"미상 판관비, 배당--"," 2,052,000,000 ", 110 ,
2022,11,338100," 7,352,917,541 ",,,," 5,201,135,587 ",,,," 2,151,781,954 ", 0.0446106263 ,-0.0663143737 ,338100,," 2,146,000,000 ", 115 ,
2023,5,338100," 2,527,719,241 ",,,," 190,147,145 "," 81,529,828 ",,," 2,419,101,924 ", 0.1242319044 , 0.1743845937 ,338100,," 2,444,000,000 ", 131 ,
2023,11,338100," 12,780,163,155 ",," 2,710,791,204 ",," 9,462,059,116 ",,," 2,835,497,468 "," 3,442,810,303 ", 0.4231770348 , 0.5999810281 ,338100,수수료++++," 7,464,000,000 ", 400 ,
2024,5,338100," 3,387,602,245 ",,,," 1,458,378,337 ",,," 1,361,528,000 "," 3,290,751,908 ",-0.0441669397 , 0.3603196605 ,338100,," 2,612,000,000 ", 140 ,
2024,11,338100," 7,050,298,232 ",,,," 2,273,988,283 "," 5,570,430,049 "," 8,855,794,000 "," 1,720,175,164 "," 3,211,121,162 ",-0.0241983438 ,-0.0672965167 ,338100,"특정 외부로부터 일시적인 큰 배당금이 존재: 동시에 평가손실이 크게 발생, 일시적인 수수료++++"," 9,666,000,000 ", 518 ,
2025,5,338100," 10,765,984,216 ",," 26,260,751 ",," 8,914,852,764 ",,,," 1,824,870,701 ",-0.4317029446 ,-0.4454547921 ,338100,," 2,351,000,000 ", 126 ,
2020,12,348950," 15,149,976,623 "," 11,706,128,000 ", - , - ," 15,524,000 ",," 410,044,000 "," 1,221,468,000 "," 27,652,004,623 ", 14.1528569163 , 7.6113239669 ,348950,," 25,337,000,000 ", 153 ,
2021,6,348950," 18,084,166,924 "," 11,579,388,000 "," 4,403,000 ", - ,,," 2,091,119,000 "," 1,071,659,000 "," 28,639,691,924 ", 0.0357184701 , 14.6940937834 ,348950,," 31,464,000,000 ", 190 ,
2021,12,348950," 17,011,995,319 "," 11,638,889,000 ", - , - ,,," 909,650,000 "," 1,054,177,000 "," 28,795,411,319 ", 0.0054371882 , 0.0413498664 ,348950,," 31,464,000,000 ", 190 ,
2022,6,348950," 13,218,402,553 "," 11,581,882,000 ", - , - ,,," 2,091,042,000 "," 190,293,000 "," 22,899,535,553 ",-0.2047505313 ,-0.2004266103 ,348950,," 31,464,000,000 ", 190 ,
2022,12,348950," 17,624,948,230 "," 11,758,750,000 ", - , - ,,," 4,153,578,000 "," 363,953,000 "," 25,594,073,230 ", 0.1176677872 ,-0.1111752860 ,348950,," 37,501,000,000 ", 190 ,
2023,6,348950," 26,728,872,485 "," 12,036,949,000 ", - , - ,,," 4,191,662,000 "," 104,316,000 "," 34,678,475,485 ", 0.3549416372 , 0.5143746215 ,348950,," 37,501,000,000 ", 190 ,
2023,12,348950," 23,205,162,441 "," 12,250,919,000 ", - , - ,,," 2,399,916,000 "," 342,698,000 "," 33,398,863,441 ",-0.0368993165 , 0.3049452168 ,348950,," 38,488,000,000 ", 195 ,
2024,6,348950," 24,232,916,587 "," 12,548,035,000 ", - , - ,,," 2,949,986,000 "," 211,241,000 "," 34,042,206,587 ", 0.0192624263 ,-0.0183476606 ,348950,," 38,488,000,000 ", 195 ,
2024,12,348950," 41,313,822,978 ",, - , - ,,," 10,753,500,497 "," 139,666,601 "," 30,699,989,082 ",-0.0981786388 ,-0.0808073713 ,348950,," 38,488,000,000 ", 195 ,
2025,6,348950," 30,735,019,561 ", - , - , - ,,," 10,407,740,065 "," 82,626,820 "," 20,409,906,316 ",-0.3351819683 ,-0.4004528977 ,348950,"기타수익--, 금융비용++++"," 22,698,000,000 ", 115 ,
2020,12,350520," 7,297,243,827 ", - , - , - ," 5,950,000,000 ", - ,,," 1,347,243,827 ",-0.9339906903 ,-0.9561158206 ,350520,," 2,678,000,000 ", 130 ,
2021,6,350520," 2,567,022,713 ", - , - , - ," 650,000,000 ", - ,,," 1,917,022,713 ", 0.4229218754 ,-0.9060739092 ,350520,," 2,678,000,000 ", 130 ,
2021,12,350520," 8,103,280,124 ", - , - , - ," 6,530,000,000 ", - ,,," 1,573,280,124 ",-0.1793106501 , 0.1677768289 ,350520,," 2,719,000,000 ", 132 ,
2022,6,350520," 24,201,936,372 ", - , - , - ," 27,832,916,000 "," 4,921,417,000 ",,," 1,290,437,372 ",-0.1797790156 ,-0.3268533736 ,350520,," 2,740,000,000 ", 133 ,
2022,12,350520," 62,734,177,923 ", - , - , - ," 61,896,284,000 "," 641,826,000 ",,," 1,479,719,923 ", 0.1466809278 ,-0.0594682406 ,350520,," 3,772,000,000 ", 133 ,
2023,6,350520," 7,817,972,365 ", - , - , - ," 8,312,925,000 "," 4,330,418,000 ",,," 3,835,465,365 ", 1.5920211693 , 1.9722212393 ,350520,"법인세비용++, 배당수익++, 수수료--"," 3,772,000,000 ", 133 ,
2023,12,350520," 7,630,769,905 ", - , - , - ," 15,164,013,000 "," 8,242,949,000 ",,," 709,705,905 ",-0.8149622438 ,-0.5203782189 ,350520,배당수익--. 금융비용++++," 3,772,000,000 ", 133 ,
2024,6,350520," 33,710,015,120 ", - , - , - ," 39,619,856,000 "," 3,698,436,000 ",,,"-2,211,404,880 ",-4.1159454422 ,-1.5765675530 ,350520,"배당수익----, 높아진 금융비용 유지"," 4,254,000,000 ", 150 ,
2024,12,350520," 9,285,179,114 ", - ," 381,549,000 ", - ," 13,309,235,000 "," 7,365,825,000 ",,," 2,960,220,114 ",-2.3386151676 , 3.1710518303 ,350520,"배당수익++++, 금융비용 소폭 감소"," 5,530,000,000 ", 150 ,
2025,6,350520," 3,472,731,645 ", - ," 151,389,000 ", - ," 9,517,591,000 "," 5,584,288,000 ",,,"-611,960,355 ",-1.2067279903 ,-0.7232707766 ,350520,배당수익----," 5,530,000,000 ", 150 ,
2021,5,357120," 9,288,380,162 "," 2,317,700,000 ", - , - ,,,,," 11,606,080,162 ",-19.9654118395 , 2.9206814747 ,357120,," 11,606,000,000 ", 166 ,
2021,11,357120," 20,249,161,358 "," 1,949,040,000 "," 17,974,954,000 ", - ,," 1,272,523,000 ",," 4,580,817,000 "," 10,076,587,358 ",-0.1317837532 ,-17.4660786858 ,357120,," 22,198,000,000 ", 319 ,
2022,5,357120," 12,958,406,101 "," 2,725,724,000 "," 3,337,236,000 "," 56,588,000 ",,,,," 12,403,482,101 ", 0.2309209120 , 0.0687055343 ,357120,," 15,684,000,000 ", 177 ,
2022,11,357120," 11,548,987,502 "," 4,016,847,000 "," 2,293,181,000 ", - ,," 937,602,000 ",,," 14,210,255,502 ", 0.1456666270 , 0.4102250094 ,357120,," 15,566,000,000 ", 175 ,
2023,5,357120," 13,700,708,129 "," 4,034,536,000 "," 5,229,608,000 ", - ,," 1,038,392,000 ",,," 13,544,028,129 ",-0.0468835605 , 0.0919536964 ,357120,," 17,735,000,000 ", 200 ,
2023,11,357120," 10,740,823,332 "," 4,118,205,000 ", - ," 1,038,392,000 ",,,,," 15,897,420,332 ", 0.1737586618 , 0.1187286766 ,357120,," 14,859,000,000 ", 168 ,
2024,5,357120," 11,889,851,488 "," 3,990,113,000 "," 1,914,253,000 "," 602,409,000 "," 1,006,595,000 ",,,," 13,561,525,488 ",-0.1469354647 , 0.0012918874 ,357120,," 14,873,000,000 ", 168 ,
2024,11,357120," 23,754,780,543 "," 4,118,356,000 "," 13,257,182,000 "," 508,841,000 "," 3,655,685,000 ",,," 1,693,381,000 "," 13,162,491,543 ",-0.0294239719 ,-0.1720360116 ,357120,," 24,217,000,000 ", 249 ,
2025,5,357120," 12,267,643,841 "," 4,125,835,000 "," 739,033,000 "," 169,119,000 ",,,,," 15,823,564,841 ", 0.2021709408 , 0.1667982968 ,357120,," 15,891,000,000 ", 163 ,
2021,5,357250," 1,188,458,437 "," 1,685,565,000 ", - , - ,,,,," 2,874,023,437 ",-0.8183706727 ,-0.7816505008 ,357250,," 3,075,000,000 ", 153 ,
2021,11,357250," 583,611,374 "," 1,694,825,000 ", - , - ,,,,," 2,278,436,374 ",-0.2072311086 ,-0.8560099196 ,357250,," 2,432,000,000 ", 121 ,
2022,5,357250," 1,318,817,047 "," 1,685,565,000 ", - , - ,,,,," 3,004,382,047 ", 0.3186157319 , 0.0453575320 ,357250,," 3,015,000,000 ", 150 ,
2022,11,357250," 633,285,547 "," 1,694,826,000 ", - , - ,,,,," 2,328,111,547 ",-0.2250947081 , 0.0218023086 ,357250,," 2,713,000,000 ", 135 ,
2023,5,357250," 1,422,403,966 "," 1,685,565,000 ", - , - ,,,,," 3,107,968,966 ", 0.3349742498 , 0.0344786107 ,357250,," 3,095,000,000 ", 154 ,
2023,11,357250," 5,581,111,973 "," 1,694,826,000 ", - , - ,,," 4,843,372,470 ",," 2,432,565,503 ",-0.2173134514 , 0.0448663880 ,357250,," 2,733,000,000 ", 136 ,
2024,5,357250," 1,833,329,662 "," 1,694,827,000 ", - , - ,,,,," 3,528,156,662 ", 0.4503850596 , 0.1351968764 ,357250,," 3,799,000,000 ", 152 ,
2024,11,357250," 1,534,555,756 "," 1,694,825,000 ", - , - ,,,,," 3,229,380,756 ",-0.0846832878 , 0.3275616842 ,357250,," 3,299,000,000 ", 132 ,
2025,5,357250," 1,738,185,146 "," 1,685,565,000 ", - , - ,,,,," 3,423,750,146 ", 0.0601878207 ,-0.0295923696 ,357250,," 3,424,000,000 ", 137 ,
2022,9,357430," 812,788,175 "," 544,916,873 ",,,," 752,618,830 ",,," 2,110,323,878 ",-0.3836221138 ,-0.3465236720 ,357430,," 2,963,000,000 ", 111 ,
2023,3,357430," 683,704,995 "," 630,346,865 ",,,," 2,127,818,737 ",,," 3,441,870,597 ", 0.6309679442 , 0.0052925740 ,357430,," 4,053,000,000 ", 152 ,
2023,9,357430,"-5,544,449,504 "," 657,720,738 ",,,," 7,675,874,843 ",,," 2,789,146,077 ",-0.1896423766 , 0.3216673071 ,357430,," 4,067,000,000 ", 153 ,
2024,3,357430,"-11,001,031,390 "," 632,482,495 ",,,," 11,952,203,515 ",," 438,533,150 "," 2,022,187,770 ",-0.2749796123 ,-0.4124742017 ,357430,," 2,305,000,000 ", 86 ,
2024,9,357430," 1,474,073,916 "," 658,880,833 ",,," 1,117,766,924 "," 840,276,619 ",,," 1,855,464,444 ",-0.0824470054 ,-0.3347553722 ,357430,금융비용++," 1,173,000,000 ", 44 ,
2025,3,357430,"-12,218,111,178 "," 690,072,572 ",,,," 12,516,030,959 ",,," 987,992,353 ",-0.4675228856 ,-0.5114240291 ,357430,금융비용++++," 1,861,000,000 ", 61 ,
2021,5,365550," 5,409,251,855 "," 5,906,579,000 ", - , - ," 660,328,000 ",," 2,629,803,163 ",," 8,025,699,692 ", 7.1232406988 , 3.3254397668 ,365550,지분법이익 제거: 이하 동일한 처리," 19,264,000,000 ", 134 ,
2021,11,365550," 9,485,403,543 "," 7,682,730,000 ", - , - ,,," 4,335,196,130 ",," 12,832,937,413 ", 0.5989805133 , 11.9889035821 ,365550,," 19,197,000,000 ", 134 ,
2022,5,365550," 30,175,271,482 "," 13,066,668,000 ", - , - ,,," 21,767,627,072 ",," 21,474,312,410 ", 0.6733746701 , 1.6756934889 ,365550,," 28,554,000,000 ", 134 ,
2022,11,365550," 12,762,281,756 "," 13,767,305,000 ", - , - ,,," 5,042,759,149 ",," 21,486,827,607 ", 0.0005827985 , 0.6743499104 ,365550,," 28,980,000,000 ", 136 ,
2023,5,365550," 28,013,768,456 "," 13,823,988,000 ", - , - ,,," 16,853,346,484 ",," 24,984,409,972 ", 0.1627779786 , 0.1634556439 ,365550,금융수익++," 28,767,000,000 ", 135 ,
2023,11,365550," 11,852,472,755 "," 14,838,283,000 ", - , - ,,," 5,563,022,248 ",," 21,127,733,507 ",-0.1543633197 ,-0.0167122903 ,365550,금융비용++," 29,193,000,000 ", 137 ,
2024,5,365550," 22,534,060,750 "," 15,595,427,000 ", - , - ,,," 18,150,466,752 ",," 19,979,020,998 ",-0.0543698882 ,-0.2003404915 ,365550,금융비용++++," 29,193,000,000 ", 137 ,
2024,11,365550," 3,600,540,919 "," 15,791,392,000 ", - , - ,,," 2,283,477,613 "," 315,282,869 "," 17,423,738,175 ",-0.1278983001 ,-0.1753143720 ,365550,증가한 금융비용 부담이 유지됨," 29,193,000,000 ", 137 ,
2025,5,365550," 9,778,739,593 "," 16,173,718,000 ", - , - ,,," 9,600,537,895 ",," 16,351,919,698 ",-0.0615148406 ,-0.1815454972 ,365550,"금융비용++, 금융수익--"," 29,193,000,000 ", 137 ,
2021,9,377190," 2,498,514,116 "," 3,535,905,000 ",,,,," 6,435,227,485 ",,"-400,808,369 ",-1.0245113954 ,-1.0230035808 ,377190,," 5,261,000,000 ", 81 ,
2022,3,377190," 3,348,268,691 "," 3,835,664,000 ",,,,,," 1,126,293,581 "," 8,310,226,272 ",-21.7336645508 ,-0.4917889504 ,377190,," 9,783,000,000 ", 151 ,
2022,9,377190," 1,176,174,157 "," 4,344,742,000 ",,,,,," 1,355,249,282 "," 6,876,165,439 ",-0.1725657986 ,-18.1557431701 ,377190,," 9,660,000,000 ", 150 ,
2023,3,377190," 7,538,286,589 "," 4,617,592,000 ",,,,," 5,294,941,495 ",," 6,860,937,094 ",-0.0022146566 ,-0.1743982812 ,377190,," 9,660,000,000 ", 150 ,
2023,9,377190," 3,138,984,861 "," 4,624,560,000 ",,,,," 1,561,890,065 ",," 6,201,654,796 ",-0.0960921648 ,-0.0980940102 ,377190,," 9,080,000,000 ", 141 ,
2024,3,377190," 3,456,470,990 "," 4,625,784,000 ",,,,," 2,384,640,936 ",," 5,697,614,054 ",-0.0812752013 ,-0.1695574561 ,377190,," 8,887,000,000 ", 138 ,
2024,9,377190," 2,814,924,624 "," 4,627,886,000 ",,,,," 2,283,147,157 ",," 5,159,663,467 ",-0.0944168176 ,-0.1680182731 ,377190,," 8,952,000,000 ", 139 ,
2025,3,377190," 4,067,206,754 "," 4,756,698,000 ",,,,," 2,406,757,300 ",," 6,417,147,454 ", 0.2437143420 , 0.1262867918 ,377190,금융비용++," 11,138,000,000 ", 126 ,
2021,12,395400," 15,052,398,236 "," 4,068,818,000 ", - , - ,,,,," 19,121,216,236 ", 1.9797065399 , 2.7059037587 ,395400,," 19,121,000,000 ", 123 ,
2022,6,395400," 17,935,714,081 "," 4,153,340,000 ", - , - ,,,,," 22,089,054,081 ", 0.1552117715 , 2.4421920704 ,395400,," 22,032,000,000 ", 141 ,
2022,12,395400," 10,996,471,286 "," 8,722,417,000 ", - , - ,,,,," 19,718,888,286 ",-0.1073004659 , 0.0312570102 ,395400,금융비용++(그만큼은 아니지만 금융수익++)," 25,946,000,000 ", 132 ,
2023,6,395400," 7,151,316,908 "," 9,366,808,000 ", - , - ,,,,," 16,518,124,908 ",-0.1623196669 ,-0.2522031569 ,395400,," 25,946,000,000 ", 132 ,
2023,12,395400," 17,542,958,867 "," 17,154,962,000 "," 14,584,190,000 ",,,,," 649,387,000 "," 20,763,117,867 ", 0.2569900024 , 0.0529558039 ,395400,"금융비용++, 처분이익발생, 임대수익++(유상증자후 사이즈 업)"," 42,468,000,000 ", 182 ,
2024,6,395400," 8,902,883,348 "," 23,659,016,000 ", - , - ,,,,," 32,561,899,348 ", 0.5682567308 , 0.9712830318 ,395400,금융수익++++," 35,658,000,000 ", 132 ,
2024,12,395400,"-227,105,056 "," 23,981,134,000 "," 1,387,136,000 ",,,,,," 22,366,892,944 ",-0.3130961832 , 0.0772415341 ,395400,"금융수익--, 금융비용++"," 36,008,000,000 ", 132 ,
2025,6,395400," 62,715,014,464 ",, - ," 1,342,113,000 "," 34,032,581,000 "," 17,606,000 ",,," 30,042,152,464 ", 0.3431526918 ,-0.0773832895 ,395400,"금융비용 소폭감소, 금융수익 소폭상승, 임대수익 소폭상승"," 38,530,000,000 ", 136 ,
2022,9,396690," 2,002,523,400 "," 3,004,619,000 ", - , - ,,," 24,420,000 "," 10,122,000 "," 4,992,844,400 ",-0.8338053704 ,-0.7767752359 ,396690,," 4,308,000,000 ", 148 ,
2023,3,396690," 7,621,711,500 "," 3,049,928,000 ", - , - ," 6,512,354,000 ",," 55,607,000 "," 1,155,527,000 "," 5,259,205,500 ", 0.0533485682 ,-0.8249391249 ,396690,," 4,478,000,000 ", 154 ,
2023,9,396690," 2,459,646,411 "," 3,036,143,000 ", - , - ," 1,060,411,000 ",," 47,323,000 "," 691,690,000 "," 5,079,745,411 ",-0.0341230418 , 0.0174051110 ,396690,," 4,359,000,000 ", 150 ,
2024,3,396690,"-1,297,195,149 "," 3,064,105,000 ", - , - ,," 1,598,382,000 "," 841,989,000 ",," 2,523,302,851 ",-0.5032619459 ,-0.5202121592 ,396690,금융원가++++," 4,755,000,000 ", 120 ,
2024,9,396690,"-793,221,925 "," 3,161,014,000 ", - , - ,," 2,522,395,000 "," 919,418,000 ",," 3,970,769,075 ", 0.5736395151 ,-0.2183133693 ,396690,금융원가++++," 5,245,000,000 ", 132 ,
2025,3,396690," 1,313,515,109 "," 3,298,349,000 ", - , - ,," 453,159,000 "," 975,343,000 ",," 4,089,680,109 ", 0.0299466002 , 0.6207646686 ,396690,금융원가----," 5,618,000,000 ", 142 ,
2021,12,400760," 1,507,866,029 "," 2,667,583,927 ", - , - ,,,,," 4,175,449,956 ", 0.0209722630 , 0.0515469112 ,400760,," 4,492,000,000 ", 106 ,
2022,6,400760," 3,489,896,271 "," 2,678,592,060 ", - , - ,,,,," 6,168,488,331 ", 0.4773230181 , 0.5083058251 ,400760,," 6,499,000,000 ", 154 ,
2022,12,400760," 3,854,948,486 "," 3,444,061,445 ", - , - ,,,,," 7,299,009,931 ", 0.1832736871 , 0.7480774546 ,400760,," 6,836,000,000 ", 162 ,
2023,6,400760," 531,620,247 "," 3,595,931,000 ", - , - ,,,,," 4,127,551,247 ",-0.4345053252 ,-0.3308650312 ,400760,"금융비용++, 세금과공과++++"," 5,824,000,000 ", 138 ,
2023,12,400760," 1,981,830,106 "," 3,207,690,000 ", - , - ,,,,," 5,189,520,106 ", 0.2572878677 ,-0.2890104062 ,400760,," 6,330,000,000 ", 150 ,
2024,6,400760," 4,039,520,387 "," 3,161,456,000 ", - , - ,,,,," 7,200,976,387 ", 0.3875996701 , 0.7446122304 ,400760,"세금과공과++, 금융비용++"," 5,908,000,000 ", 140 ,
2024,12,400760,"-1,053,814,925 "," 3,200,680,000 ", - , - ,,,,," 2,146,865,075 ",-0.7018647251 ,-0.5863075908 ,400760,"높아진 금융비용 유지, 중단영업비중 높아짐"," 8,754,000,000 ", 200 ,
2025,6,400760,"-731,827,959 "," 3,364,259,000 ", - , - ,,,,," 2,632,431,041 ", 0.2261744213 ,-0.6344341518 ,400760,," 7,441,000,000 ", 170 ,
2021,6,404990,"-347,931,693 "," 3,497,519,000 ", - , - ,,,,," 3,149,587,307 ", 0.1964557696 , 0.4670634609 ,404990,," 3,477,000,000 ", 120 ,
2021,12,404990," 1,653,483,263 "," 3,625,769,000 ", - , - ,,,,," 5,279,252,263 ", 0.6761727009 , 1.0054664988 ,404990,대규모 유상증자," 4,980,000,000 ", 89 ,
2022,6,404990," 3,321,786,667 "," 4,405,441,000 ", - , - ,,,,," 7,727,227,667 ", 0.4636973727 , 1.4534095784 ,404990,," 8,729,000,000 ", 156 ,
2022,12,404990," 5,439,414,713 "," 4,323,033,000 ", - , - ,,,,," 9,762,447,713 ", 0.2633829536 , 0.8492103098 ,404990,," 8,953,000,000 ", 160 ,
2023,6,404990," 4,503,444,459 "," 4,109,904,000 ", - , - ,,,,," 8,613,348,459 ",-0.1177060598 , 0.1146751241 ,404990,," 8,393,000,000 ", 150 ,
2023,12,404990," 5,313,300,888 "," 4,248,532,000 ", - , - ,,,,," 9,561,832,888 ", 0.1101179679 ,-0.0205496440 ,404990,금융비용++," 7,833,000,000 ", 140 ,
2024,6,404990,"-1,117,791,230 "," 4,319,999,791 ", - , - ," 2,614,522,862 ",,," 1,396,363,183 "," 1,984,048,882 ",-0.7925032883 ,-0.7696541721 ,404990,금융비용++++," 6,603,000,000 ", 118 ,
2024,12,404990," 10,271,178,851 "," 4,319,999,790 ", - , - ," 5,265,779,418 ",," 218,393,793 ",," 9,107,005,430 ", 3.5901114194 ,-0.0475669742 ,404990,금융비용++++," 7,274,000,000 ", 130 ,
2025,6,404990,"-3,670,178,085 "," 5,343,821,162 ", - , - ," 1,158,576,493 ",,,," 515,066,584 ",-0.9434428158 ,-0.7403962228 ,404990,"금융비용++++++, 수수료++++, 세금과공과 ++++ --> 사이즈업으로 인한영향?"," 7,313,000,000 ", 130 ,
2024,1,432320," 51,055,242,103 "," 7,374,468,000 ",,," 39,718,013,000 ",,,," 18,711,697,103 ", 35.3286955207 , 1.0546487258 ,432320,," 19,066,000,000 ", 188 ,
2024,7,432320,"-31,791,469,834 "," 7,955,351,000 ",,," 1,377,259,180 "," 44,142,628,162 ",,," 18,929,250,148 ", 0.0116265801 , 35.7510740087 ,432320,자산관리수수료++," 19,066,000,000 ", 188 ,
2025,1,432320," 18,964,573,555 "," 7,646,938,717 ",,," 8,936,030,634 ",," 1,124,357,716 "," 1,582,772 "," 16,552,706,694 ",-0.1255487373 ,-0.1153818597 ,432320,," 18,254,000,000 ", 180 ,
2025,7,432320,"-99,412,462,641 "," 87,857,890,800 ",,,," 2,195,838,644 "," 46,482,191 "," 17,375,931,618 "," 7,970,716,230 ",-0.5184644797 ,-0.5789206562 ,432320,"자산관리수수료++, 금융원가++++"," 17,240,000,000 ", 170 ,
2023,10,448730," 1,597,243,844 "," 2,118,003,000 ", - , - ,,,,," 3,715,246,844 ",-0.5338879548 ,-0.7755504938 ,448730,," 10,760,000,000 ", 139 ,
2024,4,448730," 2,711,520,324 "," 2,085,043,000 ",,,,,,," 4,796,563,324 ", 0.2910483544 ,-0.3982268110 ,448730,원인미상 기타수익++," 11,068,000,000 ", 143 ,
2024,10,448730," 1,258,639,747 "," 2,153,727,000 ",,,,,,," 3,412,366,747 ",-0.2885809033 ,-0.0815235460 ,448730,," 11,044,000,000 ", 131 ,
2025,4,448730," 6,058,245,811 "," 2,663,180,000 ",,,,,,," 8,721,425,811 ", 1.5558289767 , 0.8182655418 ,448730,수익성 개선," 12,861,000,000 ", 142 ,
2024,8,481850,"-10,797,131,008 ", - , - , - ," 5,219,495,000 "," 8,840,723,000 ",,,"-7,175,903,008 ",-1.8227901221 ,-3.1029108358 ,481850,," 5,478,000,000 ", 126 ,
2025,2,481850,"-4,797,457,820 ", - , - , - ," 10,224,344,000 "," 16,076,406,000 ",,," 1,054,604,180 ",-1.1469646648 ,-0.8790789255 ,481850,," 5,522,000,000 ", 127 ,
2025,8,481850,"-7,235,806,326 ",,,,," 11,879,700,000 ",,," 4,643,893,674 ", 3.4034470582 ,-1.6471511207 ,481850,,,,
2017,12,088260," 3,663,608,699 "," 3,044,262,000 ",,,,,,," 6,707,870,699 ", 0.4444496730 , 5.3605576634 ,088260,," 6,708,000,000 ", 141 ,
2018,6,088260," 4,402,740,732 "," 3,044,312,000 ",,,,,,," 7,447,052,732 ", 0.1101962256 , 0.6036225751 ,088260,," 7,447,000,000 ", 118 ,
2018,12,088260," 5,065,502,394 "," 3,659,710,000 ",,," 197,885,000 ",,,," 8,527,327,394 ", 0.1450606973 , 0.2712420642 ,088260,"대규모 차입, 투자부동산 대규모 매입으로 매출 증가"," 11,085,000,000 ", 175 ,
2019,6,88260," 6,478,378,456 "," 4,274,505,000 ",,,,,,," 10,752,883,456 ", 0.2609910420 , 0.4439112818 ,088260,," 11,085,000,000 ", 175 ,
2019,12,088260," 6,616,279,228 "," 4,274,505,000 ",,,,,,," 10,890,784,228 ", 0.0128245389 , 0.2771626706 ,088260,," 11,085,000,000 ", 175 ,
2020,6,088260," 6,772,559,011 "," 4,274,505,000 ",,,,,,," 11,047,064,011 ", 0.0143497272 , 0.0273582947 ,088260,," 11,085,000,000 ", 175 ,
2020,12,088260," 6,814,080,938 "," 4,275,395,000 ",,,,,,," 11,089,475,938 ", 0.0038392035 , 0.0182440223 ,088260,," 11,085,000,000 ", 175 ,
2021,6,88260," 7,221,500,600 "," 4,279,851,000 ",,,,,,," 11,501,351,600 ", 0.0371411295 , 0.0411229254 ,088260,," 1,137,000,000 ", 179 ,
2021,12,088260," 8,983,988,275 "," 4,279,850,000 ",,,,,,," 13,263,838,275 ", 0.1532417003 , 0.1960743997 ,088260,금융비용--," 12,979,000,000 ", 204 ,
2022,6,088260," 9,084,546,320 "," 4,279,852,000 ",,,,,,," 13,364,398,320 ", 0.0075815192 , 0.1619850244 ,088260,," 13,337,000,000 ", 210 ,
2022,12,088260," 9,325,677,643 "," 4,279,851,000 ",,,,,,," 13,605,528,643 ", 0.0180427369 , 0.0257610475 ,088260,," 12,342,000,000 ", 195 ,
2023,6,088260," 8,602,272,649 "," 4,287,067,000 ",,,,,," 929,598,000 "," 13,818,937,649 ", 0.0156854623 , 0.0340112078 ,088260,전기오류수정손실," 12,673,000,000 ", 200 ,
2023,12,088260," 9,908,135,053 "," 4,300,949,124 ",,,,,,," 14,209,084,177 ", 0.0282327439 , 0.0443610498 ,088260,," 12,925,000,000 ", 204 ,
2024,6,088260," 8,159,021,119 "," 4,300,949,124 ",,,,,,," 12,459,970,243 ",-0.1230982878 ,-0.0983409464 ,088260,이자비용++," 11,813,000,000 ", 186 ,
2024,12,088260," 5,028,748,467 "," 3,066,013,812 ",,,,,,," 8,094,762,279 ",-0.3503385545 ,-0.4303107661 ,088260,"이자비용++++, 금융수익--"," 11,155,000,000 ", 176 ,
2025,6,088260," 6,558,625,488 "," 3,066,013,812 ",,,,,,," 9,624,639,300 ", 0.1889959171 ,-0.2275551938 ,088260,높아진 금융비용 유지 ," 11,022,000,000 ", 174 ,
2022,5,417310," 3,813,033,785 "," 1,722,257,000 ",,,,,,," 5,535,290,785 ",-0.4248833008 ,-0.3161885928 ,417310,," 4,739,000,000 ", 146 ,
2022,11,417310," 4,160,520,959 "," 1,739,024,000 ",,,,,,," 5,899,544,959 ", 0.0658057884 ,-0.3870372930 ,417310,," 5,900,000,000 ", 145 ,
2023,5,417310," 4,892,306,868 "," 1,751,744,000 ",,,,,,," 6,644,050,868 ", 0.1261971752 , 0.2003074682 ,417310,," 36,104,000,000 ", 164 ,
2023,11,417310," 4,653,983,528 "," 1,752,276,000 ",,,,,,," 6,406,259,528 ",-0.0357901143 , 0.0858904496 ,417310,," 3,059,300,000 ", 156 ,
2024,5,417310," 5,927,739,983 "," 1,752,276,000 ",,,,,,," 7,680,015,983 ", 0.1988299802 , 0.1559237182 ,417310,," 7,463,000,000 ", 184 ,
2024,11,417310," 5,296,099,635 "," 1,752,277,000 ",,,,,,," 7,048,376,635 ",-0.0822445356 , 0.1002327652 ,417310,," 6,727,000,000 ", 166 ,
2025,5,417310," 6,423,057,230 "," 1,752,276,000 ",,,,,,," 8,175,333,230 ", 0.1598888160 , 0.0644942990 ,417310,," 7,650,000,000 ", 188 ,
2023,4,451800," 1,203,348,207 "," 3,316,240,000 ",,,,,,," 4,519,588,207 ",-0.4471677080 ,-0.3587760074 ,451800,," 9,261,000,000 ", 131 ,
2023,10,451800," 2,781,452,282 "," 4,014,396,000 ",,,,,,," 6,795,848,282 ", 0.5036432460 ,-0.1687374581 ,451800,"금융비용--, 동일 거래에 대한 수익성 개선"," 11,155,000,000 ", 158 ,
2024,4,451800," 3,204,444,953 "," 3,955,811,000 ",,,,,,," 7,160,255,953 ", 0.0536221022 , 0.5842717577 ,451800, 동일 거래에 대한 수익성 개선," 11,084,000,000 ", 157 ,
2024,10,451800," 2,799,718,358 "," 4,832,809,000 ",,,,,,," 7,632,527,358 ", 0.0659573356 , 0.1231162088 ,451800,"대규모 차입, 투자부동산 대규모 매입으로 매출 증가 <-> 금융비용증가, 세금증가, 수수료 증가"," 11,155,000,000 ", 158 ,
2025,4,451800," 10,791,907,422 "," 6,277,696,000 ",,,,,,," 17,069,603,422 ", 1.2364287242 , 1.3839376042 ,451800,"대규모 증자, 전기에 차입한 사채 상환, 추가적으로 임대료수익 대폭 증가"," 24,246,000,000 ", 135 ,
