Date,Close,ticker,Close,ticker,Close,ticker,Close,ticker,Close,ticker
2024-12-30,53200,005930,173900,000660,38200,035720,212000,005380,198900,035420
2024-12-27,53700,005930,174500,000660,38850,035720,215000,005380,197700,035420
2024-12-26,53600,005930,170100,000660,38550,035720,217500,005380,199900,035420
2024-12-24,54400,005930,168500,000660,39500,035720,216500,005380,202500,035420
2024-12-23,53500,005930,169600,000660,39700,035720,215000,005380,201000,035420
2024-12-20,53000,005930,168500,000660,40800,035720,210500,005380,210000,035420
2024-12-19,53100,005930,175000,000660,41200,035720,212000,005380,209500,035420
2024-12-18,54900,005930,183500,000660,43400,035720,216500,005380,212500,035420
2024-12-17,54200,005930,184000,000660,42850,035720,206500,005380,209500,035420
2024-12-16,55600,005930,179300,000660,43950,035720,211000,005380,214000,035420
2024-12-13,56100,005930,175500,000660,45900,035720,215000,005380,210000,035420
2024-12-12,55900,005930,176100,000660,43700,035720,211500,005380,208000,035420
2024-12-11,54000,005930,171800,000660,44600,035720,209000,005380,218000,035420
2024-12-10,54000,005930,170400,000660,43850,035720,210500,005380,209000,035420
2024-12-09,53400,005930,168900,000660,42300,035720,201000,005380,201500,035420
2024-12-06,54100,005930,167100,000660,44500,035720,203500,005380,204500,035420
2024-12-05,53700,005930,173000,000660,44100,035720,204500,005380,204000,035420
2024-12-04,53100,005930,168000,000660,46600,035720,209000,005380,202500,035420
2024-12-03,53600,005930,164900,000660,42950,035720,214500,005380,209000,035420
2024-12-02,53600,005930,158800,000660,42150,035720,216000,005380,203500,035420
2024-11-29,54200,005930,159900,000660,40100,035720,218500,005380,206500,035420
2024-11-28,55500,005930,161100,000660,38200,035720,219000,005380,204500,035420
2024-11-27,56300,005930,168300,000660,38350,035720,221000,005380,203000,035420
2024-11-26,58300,005930,177100,000660,37000,035720,223500,005380,195600,035420
2024-11-25,57900,005930,177000,000660,36150,035720,219000,005380,193200,035420
2024-11-22,56000,005930,176700,000660,36050,035720,217000,005380,190000,035420
2024-11-21,56400,005930,168800,000660,35150,035720,215500,005380,189700,035420
2024-11-20,55300,005930,170600,000660,35500,035720,218500,005380,193100,035420
2024-11-19,56300,005930,170600,000660,36250,035720,215500,005380,193000,035420
2024-11-18,56700,005930,171700,000660,35100,035720,217000,005380,190800,035420
2024-11-15,53500,005930,178200,000660,34050,035720,206000,005380,190000,035420
2024-11-14,49900,005930,173000,000660,32800,035720,201500,005380,188500,035420
2024-11-13,50600,005930,182900,000660,33400,035720,199900,005380,182200,035420
2024-11-12,53000,005930,185800,000660,33250,035720,207000,005380,181400,035420
2024-11-11,55000,005930,192600,000660,33700,035720,211000,005380,176000,035420
2024-11-08,57000,005930,200500,000660,35000,035720,203500,005380,174600,035420
2024-11-07,57500,005930,197400,000660,36550,035720,207500,005380,179700,035420
2024-11-06,57300,005930,195800,000660,36550,035720,206500,005380,176300,035420
2024-11-05,57600,005930,193200,000660,37750,035720,215000,005380,176500,035420
2024-11-04,58700,005930,194000,000660,37350,035720,216500,005380,175700,035420
2024-11-01,58300,005930,182200,000660,36150,035720,213500,005380,169700,035420
2024-10-31,59200,005930,186300,000660,36950,035720,215000,005380,170000,035420
2024-10-30,59100,005930,195000,000660,37350,035720,220500,005380,174400,035420
2024-10-29,59600,005930,190300,000660,37350,035720,224000,005380,169200,035420
2024-10-28,58100,005930,196000,000660,37450,035720,226500,005380,170400,035420
2024-10-25,55900,005930,201000,000660,36500,035720,225500,005380,167800,035420
2024-10-24,56600,005930,198200,000660,37450,035720,228500,005380,172100,035420
2024-10-23,59100,005930,196000,000660,37700,035720,241000,005380,172500,035420
2024-10-22,57700,005930,187800,000660,37350,035720,234500,005380,171200,035420
2024-10-21,59000,005930,190900,000660,39400,035720,237000,005380,176800,035420
2024-10-18,59200,005930,187300,000660,38500,035720,234500,005380,176800,035420
2024-10-17,59700,005930,196000,000660,37350,035720,235500,005380,175000,035420
2024-10-16,59500,005930,188700,000660,37600,035720,247000,005380,177000,035420
2024-10-15,61000,005930,192900,000660,37650,035720,246000,005380,175200,035420
2024-10-14,60800,005930,187500,000660,36500,035720,248500,005380,171400,035420
2024-10-11,59300,005930,186000,000660,37400,035720,248500,005380,173300,035420
2024-10-10,58900,005930,186700,000660,37350,035720,246000,005380,172400,035420
2024-10-08,60300,005930,178000,000660,37000,035720,246000,005380,166200,035420
2024-10-07,61000,005930,184900,000660,36750,035720,247000,005380,166100,035420
2024-10-04,60600,005930,174100,000660,36700,035720,239500,005380,170700,035420
2024-10-02,61300,005930,169100,000660,36000,035720,237000,005380,168200,035420
2024-09-30,61500,005930,174600,000660,36150,035720,244000,005380,169400,035420
2024-09-27,64200,005930,183800,000660,36650,035720,254500,005380,170400,035420
2024-09-26,64700,005930,180900,000660,36750,035720,259000,005380,170900,035420
2024-09-25,62200,005930,165300,000660,35850,035720,251500,005380,166200,035420
2024-09-24,63200,005930,163500,000660,36100,035720,253000,005380,168000,035420
2024-09-23,62600,005930,162000,000660,35500,035720,249000,005380,166700,035420
2024-09-20,63000,005930,157100,000660,34900,035720,250500,005380,159900,035420
2024-09-19,63100,005930,152800,000660,35300,035720,246000,005380,160600,035420
2024-09-13,64400,005930,162800,000660,35600,035720,237000,005380,160100,035420
2024-09-12,66300,005930,168800,000660,35350,035720,232000,005380,160000,035420
2024-09-11,64900,005930,157200,000660,34450,035720,223500,005380,156400,035420
2024-09-10,66200,005930,155500,000660,34050,035720,231000,005380,159000,035420
2024-09-09,67500,005930,157000,000660,34000,035720,229500,005380,155000,035420
2024-09-06,68900,005930,156400,000660,34000,035720,227500,005380,157200,035420
2024-09-05,69000,005930,159400,000660,34450,035720,229000,005380,159800,035420
2024-09-04,70000,005930,154800,000660,34150,035720,232500,005380,157500,035420
2024-09-03,72500,005930,168300,000660,36200,035720,237500,005380,165300,035420
2024-09-02,74400,005930,174000,000660,36900,035720,246000,005380,166600,035420
2024-08-30,74300,005930,173700,000660,37200,035720,255500,005380,169100,035420
2024-08-29,74000,005930,169700,000660,37000,035720,258500,005380,164900,035420
2024-08-28,76400,005930,179300,000660,37150,035720,259000,005380,163800,035420
2024-08-27,75800,005930,175000,000660,38000,035720,247500,005380,167900,035420
2024-08-26,76100,005930,179600,000660,38700,035720,249500,005380,170700,035420
2024-08-23,77700,005930,185500,000660,37450,035720,252500,005380,164900,035420
2024-08-22,78300,005930,191100,000660,37550,035720,248000,005380,164700,035420
2024-08-21,78300,005930,192600,000660,36600,035720,252500,005380,156400,035420
2024-08-20,78900,005930,199700,000660,36500,035720,256000,005380,156600,035420
2024-08-19,78300,005930,193900,000660,36650,035720,255000,005380,156600,035420
2024-08-16,80200,005930,199700,000660,36550,035720,255000,005380,157500,035420
2024-08-14,77200,005930,186700,000660,36800,035720,241000,005380,157300,035420
2024-08-13,76100,005930,181900,000660,36400,035720,243000,005380,156400,035420
2024-08-12,75500,005930,177000,000660,37100,035720,243500,005380,160300,035420
2024-08-09,74700,005930,171500,000660,37000,035720,243000,005380,163700,035420
2024-08-08,73400,005930,163400,000660,38450,035720,236500,005380,162700,035420
2024-08-07,74700,005930,169300,000660,38300,035720,236000,005380,162700,035420
2024-08-06,72500,005930,163700,000660,38000,035720,235000,005380,158400,035420
2024-08-05,71400,005930,156100,000660,36300,035720,224000,005380,156100,035420
2024-08-02,79600,005930,173200,000660,39550,035720,244000,005380,171400,035420
2024-08-01,83100,005930,193300,000660,39800,035720,253500,005380,175000,035420
2024-07-31,83900,005930,194600,000660,39200,035720,249000,005380,174000,035420
2024-07-30,81000,005930,188900,000660,39050,035720,250000,005380,173300,035420
2024-07-29,81200,005930,195600,000660,39950,035720,255500,005380,175000,035420
2024-07-26,80900,005930,191800,000660,39800,035720,243500,005380,174800,035420
2024-07-25,80400,005930,190000,000660,40550,035720,251500,005380,178000,035420
2024-07-24,82000,005930,208500,000660,39550,035720,258500,005380,171700,035420
2024-07-23,83900,005930,205000,000660,38850,035720,263500,005380,170600,035420
2024-07-22,83000,005930,205000,000660,41050,035720,255000,005380,172700,035420
2024-07-19,84400,005930,209500,000660,41350,035720,258500,005380,172200,035420
2024-07-18,86900,005930,212500,000660,41150,035720,260500,005380,174900,035420
2024-07-17,86700,005930,220500,000660,41200,035720,268500,005380,173400,035420
2024-07-16,87700,005930,233000,000660,40900,035720,274500,005380,171600,035420
2024-07-15,86700,005930,230000,000660,41900,035720,268500,005380,176300,035420
2024-07-12,84400,005930,233000,000660,42250,035720,271500,005380,174800,035420
2024-07-11,87600,005930,241000,000660,42350,035720,278500,005380,176100,035420
2024-07-10,87800,005930,239000,000660,42750,035720,274500,005380,177500,035420
2024-07-09,87800,005930,238500,000660,42450,035720,274500,005380,170700,035420
2024-07-08,87400,005930,233500,000660,42400,035720,283000,005380,170500,035420
2024-07-05,87100,005930,236000,000660,41500,035720,281000,005380,168100,035420
2024-07-04,84600,005930,230000,000660,40300,035720,277500,005380,159800,035420
2024-07-03,81800,005930,236000,000660,40100,035720,276000,005380,159800,035420
2024-07-02,81800,005930,232000,000660,40000,035720,272500,005380,159900,035420
2024-07-01,81800,005930,235500,000660,41000,035720,286000,005380,162900,035420
2024-06-28,81500,005930,236500,000660,40650,035720,295000,005380,166900,035420
2024-06-27,81600,005930,236500,000660,40400,035720,298000,005380,165400,035420
2024-06-26,81300,005930,237000,000660,41600,035720,289500,005380,168400,035420
2024-06-25,80800,005930,225000,000660,41000,035720,288500,005380,166400,035420
2024-06-24,80600,005930,223000,000660,42050,035720,281000,005380,168900,035420
2024-06-21,80000,005930,234000,000660,43150,035720,280000,005380,167600,035420
2024-06-20,81600,005930,237500,000660,42400,035720,285500,005380,167200,035420
2024-06-19,81200,005930,233500,000660,42800,035720,286500,005380,167900,035420
2024-06-18,79800,005930,234500,000660,42300,035720,283000,005380,166800,035420
2024-06-17,78100,005930,223000,000660,42400,035720,278500,005380,166100,035420
2024-06-14,79600,005930,221000,000660,43900,035720,268000,005380,169900,035420
2024-06-13,78600,005930,222000,000660,43650,035720,269000,005380,169900,035420
2024-06-12,76500,005930,215000,000660,43050,035720,270000,005380,168400,035420
2024-06-11,75200,005930,212500,000660,43150,035720,271000,005380,170200,035420
2024-06-10,75700,005930,208000,000660,43100,035720,267500,005380,170700,035420
2024-06-07,77300,005930,207500,000660,44250,035720,265000,005380,175400,035420
2024-06-05,77400,005930,193700,000660,44550,035720,264000,005380,177100,035420
2024-06-04,75300,005930,193300,000660,44600,035720,259000,005380,176800,035420
2024-06-03,75700,005930,194200,000660,44300,035720,265000,005380,172700,035420
2024-05-31,73500,005930,189200,000660,43300,035720,253000,005380,170200,035420
2024-05-30,73500,005930,195700,000660,43650,035720,257000,005380,170400,035420
2024-05-29,75200,005930,202500,000660,43750,035720,261000,005380,175300,035420
2024-05-28,77600,005930,202500,000660,45100,035720,265000,005380,177400,035420
2024-05-27,77200,005930,201500,000660,45850,035720,265500,005380,179000,035420
2024-05-24,75900,005930,198600,000660,44450,035720,267500,005380,179000,035420
2024-05-23,78300,005930,200000,000660,45450,035720,271500,005380,182100,035420
2024-05-22,77700,005930,197700,000660,45800,035720,277000,005380,182600,035420
2024-05-21,78400,005930,192000,000660,45950,035720,253000,005380,183200,035420
2024-05-20,78900,005930,190100,000660,46050,035720,250500,005380,184000,035420
2024-05-17,77400,005930,189900,000660,46450,035720,244000,005380,187300,035420
2024-05-16,78200,005930,193000,000660,46800,035720,247000,005380,188500,035420
2024-05-14,78300,005930,185300,000660,46650,035720,246500,005380,184400,035420
2024-05-13,78400,005930,183800,000660,47000,035720,245000,005380,184300,035420
2024-05-10,79200,005930,179900,000660,47800,035720,241500,005380,188600,035420
2024-05-09,79700,005930,175400,000660,48600,035720,237000,005380,188300,035420
2024-05-08,81300,005930,178000,000660,49800,035720,242000,005380,190900,035420
2024-05-07,81300,005930,179600,000660,49700,035720,242000,005380,194800,035420
2024-05-03,77600,005930,173200,000660,49200,035720,241000,005380,194600,035420
2024-05-02,78000,005930,173600,000660,48300,035720,249000,005380,188800,035420
2024-04-30,77500,005930,174200,000660,48600,035720,251000,005380,184400,035420
2024-04-29,76700,005930,175900,000660,48500,035720,251500,005380,184700,035420
2024-04-26,76700,005930,177800,000660,47300,035720,249500,005380,181500,035420
2024-04-25,76300,005930,170600,000660,47400,035720,250000,005380,182700,035420
2024-04-24,78600,005930,179800,000660,48100,035720,252500,005380,183700,035420
2024-04-23,75500,005930,171000,000660,47500,035720,249500,005380,180100,035420
2024-04-22,76100,005930,171600,000660,49000,035720,245000,005380,180900,035420
2024-04-19,77600,005930,173300,000660,48600,035720,235000,005380,182400,035420
2024-04-18,79600,005930,182300,000660,49100,035720,231000,005380,180700,035420
2024-04-17,78900,005930,178700,000660,46900,035720,233500,005380,179600,035420
2024-04-16,80000,005930,179100,000660,46750,035720,242000,005380,179500,035420
2024-04-15,82200,005930,188200,000660,47750,035720,241500,005380,182800,035420
2024-04-12,83700,005930,187400,000660,47850,035720,238000,005380,185900,035420
2024-04-11,84100,005930,188400,000660,48050,035720,241000,005380,183600,035420
2024-04-09,83600,005930,182900,000660,49250,035720,228000,005380,189000,035420
2024-04-08,84500,005930,181200,000660,49150,035720,232500,005380,189900,035420
2024-04-05,84500,005930,182800,000660,48750,035720,225500,005380,193100,035420
2024-04-04,85300,005930,188000,000660,49300,035720,226000,005380,194300,035420
2024-04-03,84100,005930,179200,000660,51000,035720,216000,005380,193400,035420
2024-04-02,85000,005930,186300,000660,51200,035720,220000,005380,192000,035420
2024-04-01,82000,005930,185500,000660,53800,035720,227500,005380,194300,035420
2024-03-29,82400,005930,183000,000660,53700,035720,233000,005380,187400,035420
2024-03-28,80800,005930,178200,000660,54400,035720,237000,005380,187100,035420
2024-03-27,79800,005930,181200,000660,54800,035720,244000,005380,189300,035420
2024-03-26,79900,005930,176600,000660,54900,035720,240500,005380,188900,035420
2024-03-25,78200,005930,169400,000660,53800,035720,239500,005380,188000,035420
2024-03-22,78900,005930,169800,000660,53600,035720,243500,005380,188900,035420
2024-03-21,79300,005930,170000,000660,53600,035720,252000,005380,184400,035420
2024-03-20,76900,005930,156500,000660,52900,035720,241000,005380,183100,035420
2024-03-19,72800,005930,160200,000660,52000,035720,237500,005380,182600,035420
2024-03-18,72800,005930,164300,000660,53000,035720,242500,005380,184100,035420
2024-03-15,72300,005930,161200,000660,54100,035720,243500,005380,186100,035420
2024-03-14,74300,005930,161900,000660,54900,035720,251500,005380,186800,035420
2024-03-13,74100,005930,163600,000660,54600,035720,248500,005380,188400,035420
2024-03-12,73300,005930,165700,000660,55800,035720,241500,005380,190500,035420
2024-03-11,72400,005930,166600,000660,54600,035720,243500,005380,189900,035420
2024-03-08,73300,005930,171900,000660,53200,035720,253000,005380,188000,035420
2024-03-07,72200,005930,164900,000660,52900,035720,250000,005380,189000,035420
2024-03-06,72900,005930,162900,000660,51900,035720,251000,005380,189800,035420
2024-03-05,73700,005930,165800,000660,51700,035720,249000,005380,188700,035420
2024-03-04,74900,005930,166500,000660,53100,035720,255500,005380,192000,035420
2024-02-29,73400,005930,156200,000660,53300,035720,250500,005380,195000,035420
2024-02-28,73200,005930,158000,000660,55600,035720,248000,005380,204000,035420
2024-02-27,72900,005930,153800,000660,56800,035720,238500,005380,200000,035420
2024-02-26,72800,005930,161800,000660,57100,035720,239000,005380,199900,035420
2024-02-23,72900,005930,161400,000660,57100,035720,244000,005380,200500,035420
2024-02-22,73100,005930,156500,000660,57900,035720,243500,005380,202000,035420
2024-02-21,73000,005930,149000,000660,58000,035720,239500,005380,202500,035420
2024-02-20,73300,005930,149600,000660,58700,035720,242000,005380,202500,035420
2024-02-19,73800,005930,151300,000660,58200,035720,252500,005380,203500,035420
2024-02-16,72800,005930,146800,000660,58400,035720,252500,005380,205000,035420
2024-02-15,73000,005930,148700,000660,59200,035720,240000,005380,203500,035420
2024-02-14,74000,005930,148700,000660,54900,035720,245500,005380,202500,035420
2024-02-13,75200,005930,150000,000660,54700,035720,249000,005380,205000,035420
2024-02-08,74100,005930,142800,000660,54000,035720,250000,005380,206000,035420
2024-02-07,75000,005930,138000,000660,53800,035720,245000,005380,204500,035420
2024-02-06,74400,005930,138000,000660,54000,035720,235500,005380,205500,035420
2024-02-05,74300,005930,132300,000660,55000,035720,238000,005380,208000,035420
2024-02-02,75200,005930,134900,000660,56300,035720,227000,005380,221500,035420
2024-02-01,73600,005930,132700,000660,52700,035720,208000,005380,202500,035420
2024-01-31,72700,005930,134700,000660,52500,035720,194600,005380,200500,035420
2024-01-30,74300,005930,136900,000660,54300,035720,190000,005380,209500,035420
2024-01-29,74400,005930,135000,000660,55300,035720,195600,005380,212000,035420
2024-01-26,73400,005930,136000,000660,56600,035720,187300,005380,216500,035420
2024-01-25,74100,005930,137400,000660,56000,035720,188700,005380,213500,035420
2024-01-24,74000,005930,141500,000660,56700,035720,185000,005380,218000,035420
2024-01-23,75200,005930,140800,000660,57700,035720,184800,005380,218000,035420
2024-01-22,75100,005930,142600,000660,56400,035720,180100,005380,217000,035420
2024-01-19,74700,005930,141300,000660,57600,035720,181700,005380,215500,035420
2024-01-18,71700,005930,136200,000660,56800,035720,180200,005380,216500,035420
2024-01-17,71000,005930,131000,000660,57500,035720,181800,005380,219000,035420
2024-01-16,72600,005930,132100,000660,59600,035720,186200,005380,230000,035420
2024-01-15,73900,005930,134100,000660,61100,035720,187500,005380,229500,035420
2024-01-12,73100,005930,134100,000660,60400,035720,186000,005380,230500,035420
2024-01-11,73200,005930,136000,000660,60800,035720,187000,005380,231500,035420
2024-01-10,73600,005930,133500,000660,59200,035720,186700,005380,231000,035420
2024-01-09,74700,005930,137400,000660,58700,035720,185600,005380,229500,035420
2024-01-08,76500,005930,136000,000660,57200,035720,185700,005380,226500,035420
2024-01-05,76600,005930,137500,000660,55800,035720,187300,005380,220500,035420
2024-01-04,76600,005930,136400,000660,57200,035720,190000,005380,223000,035420
2024-01-03,77000,005930,136800,000660,56600,035720,193800,005380,222000,035420
2024-01-02,79600,005930,142400,000660,57900,035720,200500,005380,227500,035420
2023-12-28,78500,005930,141500,000660,54300,035720,203500,005380,224000,035420
2023-12-27,78000,005930,140400,000660,53400,035720,198500,005380,223000,035420
2023-12-26,76600,005930,140900,000660,52400,035720,198800,005380,215500,035420
2023-12-22,75900,005930,140600,000660,52800,035720,199000,005380,215000,035420
2023-12-21,75000,005930,140500,000660,52800,035720,198700,005380,216500,035420
2023-12-20,74800,005930,140500,000660,53700,035720,199100,005380,220500,035420
2023-12-19,73400,005930,138200,000660,53800,035720,192200,005380,222500,035420
2023-12-18,72900,005930,140000,000660,53900,035720,192000,005380,223000,035420
2023-12-15,73300,005930,140000,000660,54900,035720,192800,005380,226000,035420
2023-12-14,73100,005930,136700,000660,54300,035720,184800,005380,223000,035420
2023-12-13,72800,005930,131200,000660,50900,035720,185000,005380,213500,035420
2023-12-12,73500,005930,131000,000660,51800,035720,185600,005380,213500,035420
2023-12-11,73000,005930,128900,000660,52100,035720,185400,005380,217500,035420
2023-12-08,72600,005930,127500,000660,51700,035720,185100,005380,217500,035420
2023-12-07,71500,005930,125600,000660,50500,035720,182600,005380,212500,035420
2023-12-06,71700,005930,125600,000660,50500,035720,182900,005380,213500,035420
2023-12-05,71200,005930,125900,000660,50800,035720,181400,005380,213000,035420
2023-12-04,72600,005930,131100,000660,50800,035720,181600,005380,210500,035420
2023-12-01,72000,005930,132600,000660,49700,035720,182800,005380,206000,035420
2023-11-30,72800,005930,133900,000660,50500,035720,184300,005380,208000,035420
2023-11-29,72700,005930,130400,000660,50500,035720,184800,005380,207500,035420
2023-11-28,72700,005930,131400,000660,51100,035720,185700,005380,207500,035420
2023-11-27,71300,005930,130700,000660,49850,035720,184900,005380,206000,035420
2023-11-24,71700,005930,128000,000660,50500,035720,184000,005380,205500,035420
2023-11-23,72400,005930,130100,000660,50300,035720,184800,005380,205500,035420
2023-11-22,72800,005930,131300,000660,50300,035720,183000,005380,207500,035420
2023-11-21,72800,005930,132000,000660,49250,035720,184200,005380,204500,035420
2023-11-20,72700,005930,131400,000660,47800,035720,183600,005380,202500,035420
2023-11-17,72500,005930,129900,000660,47500,035720,184400,005380,202000,035420
2023-11-16,72800,005930,132300,000660,48200,035720,184800,005380,203000,035420
2023-11-15,72200,005930,134100,000660,48300,035720,182500,005380,205500,035420
2023-11-14,70800,005930,130000,000660,46350,035720,175200,005380,198600,035420
2023-11-13,70400,005930,131800,000660,45000,035720,173300,005380,192600,035420
2023-11-10,70500,005930,130500,000660,45650,035720,173700,005380,194700,035420
2023-11-09,70300,005930,128000,000660,45600,035720,174700,005380,198200,035420
2023-11-08,69900,005930,127600,000660,43950,035720,174800,005380,197400,035420
2023-11-07,70900,005930,130400,000660,43750,035720,176100,005380,200500,035420
2023-11-06,70900,005930,133000,000660,44700,035720,177900,005380,205500,035420
2023-11-03,69600,005930,125800,000660,41300,035720,173400,005380,200500,035420
2023-11-02,69700,005930,125300,000660,38550,035720,172000,005380,190800,035420
2023-11-01,68600,005930,120300,000660,37600,035720,170300,005380,187700,035420
2023-10-31,66900,005930,116300,000660,37800,035720,169700,005380,187400,035420
2023-10-30,67300,005930,119100,000660,38000,035720,172500,005380,186100,035420
2023-10-27,67300,005930,119100,000660,37750,035720,175600,005380,185400,035420
2023-10-26,66700,005930,120000,000660,37650,035720,179500,005380,181900,035420
2023-10-25,68000,005930,127500,000660,38950,035720,182000,005380,189100,035420
2023-10-24,68500,005930,126800,000660,39600,035720,182800,005380,187000,035420
2023-10-23,68400,005930,124000,000660,37950,035720,185400,005380,178300,035420
2023-10-20,68800,005930,126200,000660,39050,035720,183500,005380,180200,035420
2023-10-19,69500,005930,125700,000660,40500,035720,188900,005380,181400,035420
2023-10-18,70500,005930,130000,000660,41800,035720,191800,005380,186300,035420
2023-10-17,69400,005930,130000,000660,42800,035720,188500,005380,188500,035420
2023-10-16,67300,005930,124100,000660,43150,035720,186800,005380,189700,035420
2023-10-13,68000,005930,124700,000660,43200,035720,187100,005380,191800,035420
2023-10-12,68900,005930,124200,000660,43650,035720,188000,005380,193600,035420
2023-10-11,68200,005930,119200,000660,42650,035720,189400,005380,193000,035420
2023-10-10,66400,005930,119500,000660,41400,035720,188400,005380,191200,035420
2023-10-06,66000,005930,120400,000660,42050,035720,192200,005380,190900,035420
2023-10-05,66700,005930,120200,000660,40850,035720,190500,005380,189400,035420
2023-10-04,67500,005930,115400,000660,41600,035720,190800,005380,191200,035420
2023-09-27,68400,005930,114700,000660,43950,035720,191100,005380,201500,035420
2023-09-26,68600,005930,115000,000660,43750,035720,190700,005380,201000,035420
2023-09-25,69400,005930,117000,000660,44800,035720,192900,005380,206500,035420
2023-09-22,68800,005930,117300,000660,45050,035720,191500,005380,208000,035420
2023-09-21,68900,005930,116500,000660,45650,035720,191900,005380,210000,035420
2023-09-20,69600,005930,118000,000660,47100,035720,194900,005380,217500,035420
2023-09-19,69800,005930,119200,000660,47850,035720,190000,005380,219500,035420
2023-09-18,70200,005930,119000,000660,48600,035720,191000,005380,221500,035420
2023-09-15,72000,005930,122400,000660,48850,035720,192200,005380,229500,035420
2023-09-14,71700,005930,122200,000660,48300,035720,190700,005380,225500,035420
2023-09-13,70900,005930,118500,000660,47800,035720,189800,005380,222000,035420
2023-09-12,70500,005930,116700,000660,48400,035720,186200,005380,219500,035420
2023-09-11,70800,005930,115900,000660,48250,035720,185500,005380,211500,035420
2023-09-08,70300,005930,113700,000660,48250,035720,185700,005380,215000,035420
2023-09-07,70400,005930,118500,000660,48750,035720,187200,005380,216500,035420
2023-09-06,70000,005930,118200,000660,49050,035720,186700,005380,214000,035420
2023-09-05,70700,005930,119400,000660,48900,035720,186600,005380,212000,035420
2023-09-04,71200,005930,119200,000660,49100,035720,187300,005380,211500,035420
2023-09-01,71000,005930,120000,000660,48950,035720,187400,005380,214500,035420
2023-08-31,66900,005930,121800,000660,48100,035720,189100,005380,214500,035420
2023-08-30,67100,005930,119400,000660,49000,035720,187800,005380,217500,035420
2023-08-29,66800,005930,118600,000660,48600,035720,186700,005380,218000,035420
2023-08-28,66800,005930,115900,000660,48000,035720,185400,005380,213500,035420
2023-08-25,67100,005930,116500,000660,48100,035720,186200,005380,211000,035420
2023-08-24,68200,005930,120900,000660,49100,035720,186400,005380,229000,035420
2023-08-23,67100,005930,116000,000660,48900,035720,187500,005380,215500,035420
2023-08-22,66600,005930,116500,000660,48650,035720,187900,005380,221000,035420
2023-08-21,66600,005930,116400,000660,48400,035720,186100,005380,214500,035420
2023-08-18,66300,005930,117200,000660,48450,035720,186100,005380,212500,035420
2023-08-17,66700,005930,114800,000660,49250,035720,184800,005380,218000,035420
2023-08-16,67000,005930,115800,000660,50300,035720,185800,005380,222500,035420
2023-08-14,67300,005930,114900,000660,50700,035720,188800,005380,221000,035420
2023-08-11,67500,005930,115300,000660,51600,035720,190500,005380,222000,035420
2023-08-10,68000,005930,118500,000660,52600,035720,188400,005380,225000,035420
2023-08-09,68900,005930,118500,000660,52800,035720,189400,005380,227500,035420
2023-08-08,67600,005930,118600,000660,51800,035720,188400,005380,223000,035420
2023-08-07,68500,005930,121900,000660,52700,035720,188000,005380,234500,035420
2023-08-04,68300,005930,120100,000660,51800,035720,192200,005380,223500,035420
2023-08-03,68800,005930,120000,000660,53300,035720,191700,005380,223000,035420
2023-08-02,69900,005930,119500,000660,53200,035720,192500,005380,227500,035420
2023-08-01,71100,005930,125100,000660,54900,035720,199400,005380,233000,035420
2023-07-31,69800,005930,123400,000660,51300,035720,196000,005380,227000,035420
2023-07-28,70600,005930,128000,000660,50600,035720,196800,005380,211000,035420
2023-07-27,71700,005930,124000,000660,50600,035720,197800,005380,211500,035420
2023-07-26,69800,005930,113000,000660,47800,035720,198700,005380,197700,035420
2023-07-25,70000,005930,113400,000660,48850,035720,200500,005380,201000,035420
2023-07-24,70400,005930,114000,000660,49850,035720,199200,005380,203000,035420
2023-07-21,70300,005930,115100,000660,50600,035720,200000,005380,206000,035420
2023-07-20,71000,005930,116900,000660,50500,035720,200500,005380,204500,035420
2023-07-19,71700,005930,117500,000660,50400,035720,202000,005380,204500,035420
2023-07-18,72000,005930,117800,000660,51800,035720,201500,005380,209000,035420
2023-07-17,73300,005930,117200,000660,52700,035720,203500,005380,206500,035420
2023-07-14,73400,005930,118000,000660,52800,035720,208500,005380,204500,035420
2023-07-13,71900,005930,114100,000660,51900,035720,203500,005380,199700,035420
2023-07-12,71900,005930,115400,000660,51600,035720,203500,005380,202000,035420
2023-07-11,71500,005930,113400,000660,50700,035720,207000,005380,197400,035420
2023-07-10,69500,005930,110300,000660,49850,035720,205500,005380,193200,035420
2023-07-07,69900,005930,111800,000660,49850,035720,204000,005380,195000,035420
2023-07-06,71600,005930,113800,000660,50900,035720,206500,005380,195500,035420
2023-07-05,72000,005930,116700,000660,48850,035720,205500,005380,186500,035420
2023-07-04,73000,005930,117900,000660,49950,035720,208000,005380,188700,035420
2023-07-03,73000,005930,117600,000660,51000,035720,208500,005380,189300,035420
2023-06-30,72200,005930,115200,000660,49100,035720,206500,005380,182800,035420
2023-06-29,72400,005930,116200,000660,49000,035720,204500,005380,183400,035420
2023-06-28,72700,005930,114300,000660,49000,035720,206000,005380,184800,035420
2023-06-27,72600,005930,113000,000660,49350,035720,206000,005380,185900,035420
2023-06-26,72400,005930,113500,000660,50000,035720,200500,005380,188900,035420
2023-06-23,71600,005930,113600,000660,49700,035720,199900,005380,188900,035420
2023-06-22,71300,005930,114000,000660,50300,035720,202000,005380,191300,035420
2023-06-21,70500,005930,115100,000660,50500,035720,204000,005380,189900,035420
2023-06-20,71400,005930,116100,000660,51700,035720,197900,005380,198500,035420
2023-06-19,71200,005930,114800,000660,52500,035720,199300,005380,198600,035420
2023-06-16,71800,005930,118900,000660,53600,035720,199400,005380,202500,035420
2023-06-15,71500,005930,119000,000660,53900,035720,199700,005380,200500,035420
2023-06-14,71900,005930,118800,000660,55700,035720,201000,005380,199200,035420
2023-06-13,72000,005930,119500,000660,56400,035720,198000,005380,201000,035420
2023-06-12,71000,005930,114800,000660,56600,035720,196200,005380,200500,035420
2023-06-09,72000,005930,115400,000660,56400,035720,197100,005380,200500,035420
2023-06-08,70900,005930,109700,000660,56500,035720,196700,005380,200500,035420
2023-06-07,71000,005930,108000,000660,57400,035720,196400,005380,205000,035420
2023-06-05,71700,005930,108700,000660,57100,035720,201000,005380,204500,035420
2023-06-02,72200,005930,110300,000660,57200,035720,199500,005380,204500,035420
2023-06-01,70900,005930,110300,000660,56100,035720,197500,005380,204000,035420
2023-05-31,71400,005930,108600,000660,56200,035720,200000,005380,199500,035420
2023-05-30,72300,005930,110300,000660,56800,035720,200500,005380,201500,035420
2023-05-26,70300,005930,109200,000660,56600,035720,205500,005380,202500,035420
2023-05-25,68800,005930,103500,000660,56700,035720,203500,005380,206000,035420
2023-05-24,68500,005930,97700,000660,56800,035720,207500,005380,203000,035420
2023-05-23,68400,005930,97900,000660,58000,035720,207500,005380,212000,035420
2023-05-22,68500,005930,98200,000660,57900,035720,207500,005380,215000,035420
2023-05-19,68400,005930,97300,000660,57900,035720,205500,005380,216500,035420
2023-05-18,66200,005930,93600,000660,57200,035720,206500,005380,212500,035420
2023-05-17,65000,005930,91900,000660,57700,035720,204500,005380,213000,035420
2023-05-16,65400,005930,90400,000660,56100,035720,202500,005380,207500,035420
2023-05-15,64500,005930,86400,000660,56800,035720,208000,005380,212000,035420
2023-05-12,64100,005930,87200,000660,56600,035720,208500,005380,213500,035420
2023-05-11,64200,005930,86300,000660,56000,035720,208000,005380,211000,035420
2023-05-10,64600,005930,86900,000660,56500,035720,210000,005380,210000,035420
2023-05-09,65300,005930,87300,000660,57500,035720,205000,005380,211000,035420
2023-05-08,65900,005930,88700,000660,57700,035720,202500,005380,207000,035420
2023-05-04,65100,005930,88700,000660,57200,035720,199200,005380,196100,035420
2023-05-03,65400,005930,89800,000660,58300,035720,201000,005380,192600,035420
2023-05-02,65700,005930,90200,000660,58500,035720,201500,005380,193200,035420
2023-04-28,65500,005930,89500,000660,58100,035720,197500,005380,192300,035420
2023-04-27,64600,005930,88800,000660,55800,035720,202000,005380,188200,035420
2023-04-26,64100,005930,87400,000660,56500,035720,201500,005380,188100,035420
2023-04-25,63600,005930,85500,000660,56000,035720,201000,005380,186100,035420
2023-04-24,65200,005930,87200,000660,57200,035720,191900,005380,190000,035420
2023-04-21,65700,005930,89100,000660,57900,035720,190400,005380,190300,035420
2023-04-20,65300,005930,87700,000660,57900,035720,192500,005380,191600,035420
2023-04-19,65500,005930,88200,000660,58600,035720,193600,005380,191400,035420
2023-04-18,65600,005930,87600,000660,59000,035720,191400,005380,192800,035420
2023-04-17,65300,005930,88500,000660,60100,035720,195000,005380,197000,035420
2023-04-14,65100,005930,89300,000660,60500,035720,196100,005380,199000,035420
2023-04-13,66100,005930,88700,000660,59500,035720,198900,005380,196400,035420
2023-04-12,66000,005930,90300,000660,58700,035720,198200,005380,198000,035420
2023-04-11,65900,005930,91800,000660,59300,035720,192100,005380,199900,035420
2023-04-10,65700,005930,90700,000660,58100,035720,185900,005380,193000,035420
2023-04-07,65000,005930,89100,000660,58600,035720,185100,005380,193400,035420
2023-04-06,62300,005930,83800,000660,58600,035720,185100,005380,191900,035420
2023-04-05,63900,005930,84600,000660,60500,035720,186700,005380,199200,035420
2023-04-04,63600,005930,84500,000660,60700,035720,183800,005380,201000,035420
2023-04-03,63100,005930,87200,000660,60200,035720,183600,005380,198200,035420
2023-03-31,64000,005930,88600,000660,61100,035720,184500,005380,202000,035420
2023-03-30,63200,005930,88800,000660,60100,035720,181200,005380,201000,035420
2023-03-29,62700,005930,86900,000660,60400,035720,180400,005380,199100,035420
2023-03-28,62900,005930,88400,000660,60700,035720,177100,005380,199500,035420
2023-03-27,62100,005930,85500,000660,60700,035720,176100,005380,199300,035420
2023-03-24,63000,005930,87300,000660,61400,035720,177700,005380,202500,035420
2023-03-23,62300,005930,88500,000660,61600,035720,180500,005380,204000,035420
2023-03-22,61100,005930,86900,000660,62700,035720,180300,005380,207000,035420
2023-03-21,60300,005930,83600,000660,60900,035720,175800,005380,200500,035420
2023-03-20,60200,005930,83700,000660,61000,035720,175100,005380,201500,035420
2023-03-17,61300,005930,84000,000660,60200,035720,176600,005380,198000,035420
2023-03-16,59900,005930,79000,000660,59900,035720,174000,005380,197100,035420
2023-03-15,59800,005930,79100,000660,59300,035720,174300,005380,196400,035420
2023-03-14,59000,005930,81100,000660,59400,035720,171000,005380,196000,035420
2023-03-13,60000,005930,84300,000660,60800,035720,176000,005380,202500,035420
2023-03-10,59500,005930,83300,000660,58100,035720,175000,005380,199800,035420
2023-03-09,60100,005930,85600,000660,59000,035720,176300,005380,202000,035420
2023-03-08,60300,005930,86800,000660,59100,035720,174900,005380,202500,035420
2023-03-07,60700,005930,88900,000660,61500,035720,175100,005380,211000,035420
2023-03-06,61500,005930,89700,000660,63600,035720,177500,005380,214500,035420
2023-03-03,60500,005930,87300,000660,61000,035720,176100,005380,205500,035420
2023-03-02,60800,005930,88100,000660,61200,035720,178500,005380,206000,035420
2023-02-28,60600,005930,89400,000660,62400,035720,176300,005380,208500,035420
2023-02-27,60500,005930,90000,000660,61900,035720,173300,005380,208000,035420
2023-02-24,61300,005930,91000,000660,61800,035720,173900,005380,208000,035420
2023-02-23,62000,005930,92700,000660,62500,035720,176200,005380,213500,035420
2023-02-22,61100,005930,89100,000660,62200,035720,174200,005380,211500,035420
2023-02-21,62100,005930,91200,000660,63100,035720,178200,005380,215500,035420
2023-02-20,62700,005930,92500,000660,64200,035720,178200,005380,219000,035420
2023-02-17,62600,005930,92000,000660,63300,035720,179000,005380,215500,035420
2023-02-16,63700,005930,92900,000660,64200,035720,179300,005380,220500,035420
2023-02-15,62200,005930,91700,000660,63600,035720,172700,005380,215500,035420
2023-02-14,63200,005930,93400,000660,65000,035720,173700,005380,224000,035420
2023-02-13,62900,005930,90600,000660,64300,035720,171600,005380,223000,035420
2023-02-10,62800,005930,93500,000660,67600,035720,173400,005380,230000,035420
2023-02-09,63000,005930,94400,000660,70900,035720,172600,005380,230000,035420
2023-02-08,63100,005930,94900,000660,69100,035720,172700,005380,230500,035420
2023-02-07,61900,005930,90800,000660,68000,035720,170500,005380,219500,035420
2023-02-06,61600,005930,89100,000660,65200,035720,170700,005380,215500,035420
2023-02-03,63800,005930,92200,000660,67200,035720,172800,005380,223500,035420
2023-02-02,63500,005930,93400,000660,64500,035720,169900,005380,211500,035420
2023-02-01,61800,005930,91400,000660,62200,035720,170000,005380,205500,035420
2023-01-31,61000,005930,88500,000660,61400,035720,167000,005380,202500,035420
2023-01-30,63300,005930,90700,000660,63500,035720,170000,005380,207000,035420
2023-01-27,64600,005930,91500,000660,64700,035720,173900,005380,211500,035420
2023-01-26,63900,005930,92300,000660,63700,035720,174900,005380,204000,035420
2023-01-25,63400,005930,91400,000660,62600,035720,165700,005380,202000,035420
2023-01-20,61800,005930,87600,000660,61200,035720,164500,005380,196000,035420
2023-01-19,61500,005930,85500,000660,60800,035720,164000,005380,196000,035420
2023-01-18,60400,005930,85100,000660,61600,035720,164500,005380,195500,035420
2023-01-17,61000,005930,86000,000660,61800,035720,166000,005380,193500,035420
2023-01-16,61100,005930,85800,000660,64500,035720,166500,005380,200500,035420
2023-01-13,60800,005930,85700,000660,62000,035720,169000,005380,195000,035420
2023-01-12,60500,005930,86800,000660,61500,035720,166500,005380,194000,035420
2023-01-11,60500,005930,87300,000660,61900,035720,164000,005380,195000,035420
2023-01-10,60400,005930,86500,000660,60700,035720,163000,005380,193000,035420
2023-01-09,60700,005930,86000,000660,61100,035720,164000,005380,196500,035420
2023-01-06,59000,005930,83100,000660,57200,035720,159500,005380,185000,035420
2023-01-05,58200,005930,81400,000660,57700,035720,159000,005380,186000,035420
2023-01-04,57800,005930,81000,000660,55700,035720,160500,005380,182500,035420
2023-01-03,55400,005930,75600,000660,53300,035720,159000,005380,178500,035420
2023-01-02,55500,005930,75700,000660,52700,035720,157000,005380,179500,035420
2022-12-29,55300,005930,75000,000660,53100,035720,151000,005380,177500,035420
2022-12-28,56600,005930,76000,000660,53600,035720,154000,005380,180000,035420
2022-12-27,58100,005930,77000,000660,54400,035720,158000,005380,181000,035420
2022-12-26,57900,005930,77000,000660,53600,035720,158000,005380,178500,035420
2022-12-23,58100,005930,77800,000660,53400,035720,157000,005380,178000,035420
2022-12-22,59100,005930,79200,000660,55100,035720,158500,005380,184500,035420
2022-12-21,58000,005930,78000,000660,54200,035720,156000,005380,180000,035420
2022-12-20,58600,005930,78300,000660,54300,035720,157000,005380,180500,035420
2022-12-19,59500,005930,79000,000660,55800,035720,159000,005380,183500,035420
2022-12-16,59500,005930,78400,000660,54400,035720,162500,005380,180500,035420
2022-12-15,59300,005930,80200,000660,55300,035720,162000,005380,182500,035420
2022-12-14,60500,005930,81800,000660,58700,035720,163500,005380,193500,035420
2022-12-13,59700,005930,82300,000660,58200,035720,159500,005380,193000,035420
2022-12-12,59500,005930,81100,000660,58100,035720,163500,005380,193000,035420
2022-12-09,60400,005930,81500,000660,58100,035720,162500,005380,195000,035420
2022-12-08,59200,005930,78800,000660,55500,035720,162000,005380,185500,035420
2022-12-07,58900,005930,78900,000660,55500,035720,163000,005380,183500,035420
2022-12-06,59200,005930,81000,000660,56000,035720,164500,005380,185500,035420
2022-12-05,60300,005930,81000,000660,58000,035720,165500,005380,191500,035420
2022-12-02,60400,005930,81900,000660,56900,035720,169000,005380,185500,035420
2022-12-01,62600,005930,84700,000660,57900,035720,171500,005380,187500,035420
2022-11-30,62200,005930,85000,000660,56400,035720,169000,005380,187000,035420
2022-11-29,60600,005930,83700,000660,55900,035720,169000,005380,182500,035420
2022-11-28,60100,005930,83100,000660,54600,035720,167500,005380,180500,035420
2022-11-25,61000,005930,85100,000660,56100,035720,166000,005380,185000,035420
2022-11-24,61400,005930,86900,000660,57400,035720,167500,005380,188000,035420
2022-11-23,61000,005930,85200,000660,55700,035720,166000,005380,181500,035420
2022-11-22,60600,005930,85200,000660,54300,035720,165500,005380,180500,035420
2022-11-21,61400,005930,86300,000660,56300,035720,168000,005380,182500,035420
2022-11-18,61800,005930,88400,000660,57700,035720,169500,005380,185500,035420
2022-11-17,61400,005930,87700,000660,59100,035720,170000,005380,188000,035420
2022-11-16,62700,005930,91500,000660,58600,035720,172000,005380,189500,035420
2022-11-15,62400,005930,91600,000660,58700,035720,174500,005380,192000,035420
2022-11-14,61900,005930,90900,000660,58500,035720,176000,005380,188500,035420
2022-11-11,62900,005930,93500,000660,58700,035720,172000,005380,193500,035420
2022-11-10,60400,005930,89100,000660,50800,035720,169500,005380,176000,035420
2022-11-09,62000,005930,89200,000660,52100,035720,169500,005380,180000,035420
2022-11-08,61800,005930,87700,000660,51500,035720,170000,005380,177500,035420
2022-11-07,60200,005930,86500,000660,49850,035720,169500,005380,169000,035420
2022-11-04,59400,005930,84500,000660,50300,035720,163000,005380,174000,035420
2022-11-03,59200,005930,82700,000660,50100,035720,162000,005380,169000,035420
2022-11-02,59600,005930,84500,000660,52300,035720,165000,005380,174000,035420
2022-11-01,60000,005930,83900,000660,50700,035720,164500,005380,170500,035420
2022-10-31,59400,005930,82700,000660,50700,035720,164500,005380,169500,035420
2022-10-28,57300,005930,83400,000660,48750,035720,164000,005380,160000,035420
2022-10-27,59500,005930,90000,000660,48750,035720,162000,005380,161000,035420
2022-10-26,59400,005930,93900,000660,47700,035720,160500,005380,159500,035420
2022-10-25,57700,005930,93500,000660,48800,035720,162500,005380,165500,035420
2022-10-24,57500,005930,91800,000660,48450,035720,161500,005380,164000,035420
2022-10-21,55900,005930,90500,000660,48850,035720,167000,005380,166000,035420
2022-10-20,55500,005930,90200,000660,47750,035720,168500,005380,168500,035420
2022-10-19,55800,005930,92900,000660,49800,035720,168000,005380,168500,035420
2022-10-18,56500,005930,95800,000660,49400,035720,168000,005380,172500,035420
2022-10-17,56600,005930,95200,000660,48350,035720,167000,005380,167000,035420
2022-10-14,56300,005930,95500,000660,51400,035720,167000,005380,165500,035420
2022-10-13,55200,005930,94900,000660,47300,035720,164500,005380,158500,035420
2022-10-12,55800,005930,94000,000660,49850,035720,168000,005380,162000,035420
2022-10-11,55400,005930,90200,000660,50100,035720,168000,005380,158500,035420
2022-10-07,56200,005930,91200,000660,50900,035720,175500,005380,160000,035420
2022-10-06,56300,005930,89900,000660,54800,035720,178000,005380,167000,035420
2022-10-05,56000,005930,89800,000660,54500,035720,177000,005380,164000,035420
2022-10-04,55200,005930,86200,000660,55900,035720,179500,005380,176500,035420
2022-09-30,53100,005930,83100,000660,57100,035720,176500,005380,193500,035420
2022-09-29,52600,005930,80800,000660,55900,035720,181500,005380,196500,035420
2022-09-28,52900,005930,81200,000660,56900,035720,179500,005380,200500,035420
2022-09-27,54200,005930,82000,000660,59300,035720,186000,005380,204500,035420
2022-09-26,53900,005930,82500,000660,59700,035720,182500,005380,204500,035420
2022-09-23,54500,005930,83500,000660,61000,035720,190500,005380,210500,035420
2022-09-22,54400,005930,86000,000660,61300,035720,193500,005380,206500,035420
2022-09-21,55300,005930,88000,000660,64000,035720,197000,005380,213000,035420
2022-09-20,55800,005930,88000,000660,65300,035720,198500,005380,218000,035420
2022-09-19,56400,005930,90000,000660,65400,035720,201500,005380,218000,035420
2022-09-16,56200,005930,91200,000660,66900,035720,201000,005380,220000,035420
2022-09-15,56000,005930,92000,000660,67400,035720,198000,005380,225500,035420
2022-09-14,56800,005930,93000,000660,68100,035720,198500,005380,230000,035420
2022-09-13,58100,005930,94800,000660,70000,035720,200500,005380,238500,035420
2022-09-08,55600,005930,90400,000660,68000,035720,200000,005380,231500,035420
2022-09-07,56000,005930,90400,000660,67500,035720,202000,005380,231500,035420
2022-09-06,57100,005930,91800,000660,69700,035720,201000,005380,235000,035420
2022-09-05,57100,005930,91100,000660,70000,035720,200000,005380,236000,035420
2022-09-02,57500,005930,91700,000660,70200,035720,196500,005380,234000,035420
2022-09-01,58400,005930,92400,000660,71400,035720,195500,005380,236000,035420
2022-08-31,59700,005930,95200,000660,73400,035720,196000,005380,240000,035420
2022-08-30,58800,005930,93200,000660,73200,035720,195500,005380,238000,035420
2022-08-29,58600,005930,92500,000660,72200,035720,188500,005380,234000,035420
2022-08-26,60000,005930,95100,000660,76000,035720,193500,005380,242000,035420
2022-08-25,59700,005930,94100,000660,76100,035720,192000,005380,244500,035420
2022-08-24,59000,005930,93200,000660,74900,035720,188000,005380,241500,035420
2022-08-23,59100,005930,93600,000660,74800,035720,189000,005380,241000,035420
2022-08-22,60000,005930,95200,000660,75000,035720,189000,005380,245500,035420
2022-08-19,60900,005930,96400,000660,76700,035720,190000,005380,248000,035420
2022-08-18,61500,005930,95700,000660,79200,035720,186000,005380,250000,035420
2022-08-17,60400,005930,97100,000660,80100,035720,190000,005380,258000,035420
2022-08-16,61000,005930,96700,000660,80700,035720,197500,005380,259500,035420
2022-08-12,60200,005930,93300,000660,82500,035720,196000,005380,265500,035420
2022-08-11,59900,005930,93300,000660,83700,035720,193000,005380,267500,035420
2022-08-10,59100,005930,91800,000660,80300,035720,192500,005380,262000,035420
2022-08-09,60000,005930,95100,000660,83200,035720,193500,005380,265000,035420
2022-08-08,60800,005930,96300,000660,82000,035720,196000,005380,258500,035420
2022-08-05,61500,005930,98500,000660,81200,035720,194500,005380,267000,035420
2022-08-04,61500,005930,97500,000660,81700,035720,196500,005380,273500,035420
2022-08-03,61300,005930,97500,000660,76000,035720,197000,005380,269000,035420
2022-08-02,61700,005930,96500,000660,71800,035720,196500,005380,259000,035420
2022-08-01,61300,005930,97100,000660,74000,035720,196000,005380,259000,035420
2022-07-29,61400,005930,97900,000660,74800,035720,196000,005380,259000,035420
2022-07-28,61900,005930,99400,000660,72400,035720,195000,005380,247000,035420
2022-07-27,61800,005930,100000,000660,71900,035720,196000,005380,246000,035420
2022-07-26,61700,005930,100500,000660,72400,035720,196000,005380,245000,035420
2022-07-25,61100,005930,100000,000660,73000,035720,196000,005380,248000,035420
2022-07-22,61300,005930,100000,000660,72100,035720,191000,005380,250000,035420
2022-07-21,61800,005930,102500,000660,73700,035720,189000,005380,250500,035420
2022-07-20,60500,005930,102000,000660,73400,035720,189000,005380,246000,035420
2022-07-19,60900,005930,100000,000660,72800,035720,188500,005380,243500,035420
2022-07-18,61900,005930,101000,000660,72800,035720,185500,005380,246500,035420
2022-07-15,60000,005930,98700,000660,70100,035720,183500,005380,231000,035420
2022-07-14,57500,005930,94000,000660,72100,035720,182500,005380,233500,035420
2022-07-13,58000,005930,94000,000660,71900,035720,183500,005380,237500,035420
2022-07-12,58100,005930,93300,000660,70300,035720,179000,005380,233500,035420
2022-07-11,58800,005930,93700,000660,71300,035720,179000,005380,240500,035420
2022-07-08,58700,005930,94800,000660,71800,035720,178000,005380,249000,035420
2022-07-07,58200,005930,93900,000660,73000,035720,175000,005380,245000,035420
2022-07-06,56400,005930,92100,000660,73500,035720,172500,005380,243500,035420
2022-07-05,57200,005930,92500,000660,72000,035720,177500,005380,243000,035420
2022-07-04,57100,005930,89100,000660,68100,035720,178000,005380,235000,035420
2022-07-01,56200,005930,87500,000660,67300,035720,180000,005380,237000,035420
2022-06-30,57000,005930,91000,000660,69900,035720,180500,005380,240000,035420
2022-06-29,58000,005930,94000,000660,70800,035720,175500,005380,246500,035420
2022-06-28,59400,005930,95300,000660,71600,035720,186000,005380,252500,035420
2022-06-27,58800,005930,95000,000660,71800,035720,183000,005380,249000,035420
2022-06-24,58400,005930,91600,000660,71500,035720,173000,005380,247500,035420
2022-06-23,57400,005930,90200,000660,67100,035720,171000,005380,234000,035420
2022-06-22,57600,005930,92200,000660,68500,035720,171500,005380,229000,035420
2022-06-21,58500,005930,95200,000660,70500,035720,172500,005380,239500,035420
2022-06-20,58700,005930,94500,000660,69600,035720,170500,005380,234000,035420
2022-06-17,59800,005930,96400,000660,72200,035720,170000,005380,237500,035420
2022-06-16,60900,005930,97400,000660,72300,035720,173000,005380,240000,035420
2022-06-15,60700,005930,97900,000660,72700,035720,174000,005380,244500,035420
2022-06-14,61900,005930,99100,000660,76600,035720,171500,005380,253000,035420
2022-06-13,62100,005930,99000,000660,76500,035720,175000,005380,254000,035420
2022-06-10,63800,005930,103500,000660,80100,035720,184500,005380,270000,035420
2022-06-09,65200,005930,105500,000660,81300,035720,182500,005380,273000,035420
2022-06-08,65300,005930,106000,000660,81500,035720,183000,005380,278000,035420
2022-06-07,65500,005930,104000,000660,81900,035720,183500,005380,278000,035420
2022-06-03,66800,005930,107000,000660,85700,035720,187000,005380,287500,035420
2022-06-02,66700,005930,107000,000660,83700,035720,187500,005380,290000,035420
2022-05-31,67400,005930,108000,000660,85000,035720,189500,005380,288000,035420
2022-05-30,67700,005930,107000,000660,83900,035720,187500,005380,281000,035420
2022-05-27,66500,005930,106000,000660,81700,035720,185500,005380,270000,035420
2022-05-26,65900,005930,103000,000660,81500,035720,184000,005380,266000,035420
2022-05-25,66400,005930,108000,000660,81800,035720,183500,005380,266000,035420
2022-05-24,66500,005930,108500,000660,80600,035720,185000,005380,266000,035420
2022-05-23,67900,005930,113000,000660,82900,035720,188000,005380,277500,035420
2022-05-20,68000,005930,112500,000660,83000,035720,186500,005380,275000,035420
2022-05-19,67500,005930,111000,000660,80400,035720,182000,005380,271500,035420
2022-05-18,68100,005930,113500,000660,82600,035720,185500,005380,276500,035420
2022-05-17,67600,005930,112500,000660,83200,035720,185500,005380,275500,035420
2022-05-16,66300,005930,110500,000660,82300,035720,184000,005380,273500,035420
2022-05-13,66500,005930,112500,000660,81800,035720,186500,005380,274500,035420
2022-05-12,64900,005930,109000,000660,80700,035720,180500,005380,270000,035420
2022-05-11,65700,005930,110500,000660,85400,035720,183000,005380,279000,035420
2022-05-10,65700,005930,110000,000660,83600,035720,180500,005380,276000,035420
2022-05-09,66100,005930,107500,000660,84100,035720,181500,005380,275000,035420
2022-05-06,66500,005930,107500,000660,84300,035720,182500,005380,272000,035420
2022-05-04,67900,005930,109500,000660,89000,035720,184000,005380,282000,035420
2022-05-03,67500,005930,110000,000660,88500,035720,183500,005380,282000,035420
2022-05-02,67300,005930,110500,000660,87300,035720,187000,005380,281000,035420
2022-04-29,67400,005930,112500,000660,89900,035720,186000,005380,286500,035420
2022-04-28,64800,005930,109500,000660,89300,035720,188500,005380,280500,035420
2022-04-27,65000,005930,108500,000660,88400,035720,187000,005380,280500,035420
2022-04-26,66100,005930,111000,000660,90200,035720,187000,005380,287000,035420
2022-04-25,66300,005930,108000,000660,89700,035720,182000,005380,288500,035420
2022-04-22,67000,005930,110500,000660,92000,035720,180000,005380,300000,035420
2022-04-21,67700,005930,113000,000660,93600,035720,183000,005380,309500,035420
2022-04-20,67400,005930,112500,000660,95100,035720,183000,005380,315500,035420
2022-04-19,67300,005930,112500,000660,95100,035720,181000,005380,312000,035420
2022-04-18,66700,005930,109000,000660,94400,035720,178500,005380,306500,035420
2022-04-15,66600,005930,108000,000660,95400,035720,177000,005380,308500,035420
2022-04-14,67500,005930,110000,000660,96100,035720,177500,005380,313000,035420
2022-04-13,68700,005930,113000,000660,95800,035720,181000,005380,310500,035420
2022-04-12,67000,005930,111000,000660,94100,035720,178000,005380,308500,035420
2022-04-11,67900,005930,111500,000660,95100,035720,179500,005380,313000,035420
2022-04-08,67800,005930,112000,000660,98000,035720,176500,005380,316500,035420
2022-04-07,68000,005930,113500,000660,99900,035720,178500,005380,321000,035420
2022-04-06,68500,005930,113000,000660,105000,035720,180000,005380,330000,035420
2022-04-05,69200,005930,116500,000660,107500,035720,179000,005380,342500,035420
2022-04-04,69300,005930,117000,000660,105500,035720,178000,005380,338000,035420
2022-04-01,69100,005930,116000,000660,106000,035720,178000,005380,335500,035420
2022-03-31,69600,005930,118000,000660,106500,035720,180500,005380,340500,035420
2022-03-30,69900,005930,121000,000660,106500,035720,181000,005380,339000,035420
2022-03-29,70200,005930,120000,000660,105500,035720,176500,005380,334000,035420
2022-03-28,69700,005930,118000,000660,105000,035720,174500,005380,331500,035420
2022-03-25,69800,005930,118000,000660,105000,035720,174000,005380,333000,035420
2022-03-24,69800,005930,120500,000660,105000,035720,176000,005380,340000,035420
2022-03-23,70500,005930,123500,000660,106500,035720,176000,005380,345500,035420
2022-03-22,70300,005930,123500,000660,106500,035720,173500,005380,339500,035420
2022-03-21,69900,005930,122000,000660,105000,035720,168500,005380,339000,035420
2022-03-18,70700,005930,124000,000660,108500,035720,171000,005380,344500,035420
2022-03-17,71200,005930,124000,000660,106500,035720,168500,005380,344500,035420
2022-03-16,70400,005930,116500,000660,104000,035720,168000,005380,330500,035420
2022-03-15,69500,005930,112500,000660,103000,035720,163000,005380,327500,035420
2022-03-14,70200,005930,116000,000660,103500,035720,164500,005380,329000,035420
2022-03-11,70000,005930,117000,000660,101500,035720,169000,005380,329000,035420
2022-03-10,71200,005930,120000,000660,100000,035720,169000,005380,330500,035420
2022-03-08,69500,005930,118000,000660,92100,035720,168000,005380,304500,035420
2022-03-07,70100,005930,119500,000660,91600,035720,168000,005380,307000,035420
2022-03-04,71500,005930,124500,000660,94700,035720,172500,005380,317500,035420
2022-03-03,72900,005930,129000,000660,96600,035720,177500,005380,325500,035420
2022-03-02,71700,005930,125000,000660,95300,035720,170500,005380,317000,035420
2022-02-28,72100,005930,123500,000660,94100,035720,175000,005380,318000,035420
2022-02-25,71900,005930,123000,000660,94400,035720,174000,005380,314500,035420
2022-02-24,71500,005930,122500,000660,90000,035720,173000,005380,302500,035420
2022-02-23,73000,005930,128500,000660,92600,035720,180500,005380,309000,035420
2022-02-22,73400,005930,128500,000660,91800,035720,181500,005380,313000,035420
2022-02-21,74200,005930,130000,000660,93200,035720,185000,005380,318000,035420
2022-02-18,74300,005930,131500,000660,91400,035720,183500,005380,318000,035420
2022-02-17,75000,005930,133000,000660,90600,035720,183500,005380,324500,035420
2022-02-16,74800,005930,130500,000660,91900,035720,182000,005380,324500,035420
2022-02-15,73700,005930,127000,000660,88300,035720,180500,005380,318500,035420
2022-02-14,73700,005930,132500,000660,88800,035720,176500,005380,322000,035420
2022-02-11,74900,005930,132000,000660,91700,035720,183000,005380,327500,035420
2022-02-10,75400,005930,129500,000660,87300,035720,185500,005380,331500,035420
2022-02-09,74700,005930,126000,000660,86100,035720,185000,005380,326000,035420
2022-02-08,73500,005930,125000,000660,86500,035720,184500,005380,322000,035420
2022-02-07,73000,005930,123000,000660,88000,035720,186500,005380,327000,035420
2022-02-04,74000,005930,124500,000660,87100,035720,190000,005380,327500,035420
2022-02-03,73300,005930,124000,000660,85100,035720,191500,005380,320500,035420
2022-01-28,73300,005930,120500,000660,85000,035720,189500,005380,310000,035420
2022-01-27,71300,005930,113500,000660,82600,035720,186500,005380,303000,035420
2022-01-26,73300,005930,117500,000660,86900,,190000,005380,313000,035420
2022-01-25,74000,005930,118000,000660,87600,,194500,005380,322000,035420
2022-01-24,75100,005930,119000,000660,90000,,197000,005380,328500,035420
2022-01-21,75600,005930,119000,000660,91800,,200000,005380,333000,035420
2022-01-20,76500,005930,125000,000660,92300,,202000,005380,335000,035420
2022-01-19,76300,005930,127000,000660,90400,,200500,005380,332500,035420
2022-01-18,77000,005930,126500,000660,92000,,202500,005380,338000,035420
2022-01-17,77500,005930,127000,000660,92900,,205000,005380,343500,035420
2022-01-14,77300,005930,128500,000660,93900,,209000,005380,342000,035420
2022-01-13,77900,005930,129500,000660,96700,,210000,005380,348000,035420
2022-01-12,78900,005930,128500,000660,97200,,211500,005380,345500,035420
2022-01-11,78900,005930,128000,000660,95000,,210500,005380,335000,035420
2022-01-10,78000,005930,124500,000660,96600,,209500,005380,335000,035420
2022-01-07,78300,005930,127000,000660,100000,,215000,005380,338000,035420
2022-01-06,76900,005930,125000,000660,100000,,214000,005380,338500,035420
2022-01-05,77400,005930,125500,000660,105500,,213500,005380,355000,035420
2022-01-04,78700,005930,128500,000660,111500,,210000,005380,365500,035420
2022-01-03,78600,005930,128500,000660,114500,,210500,005380,376000,035420
